-38.428200000000004,0.009169949095719991
-38.4082,0.017353410533739996
-38.3882,0.03027513994434001
-38.3682,0.04880919695730001
-38.348200000000006,0.07259244900250005
-38.328199999999995,0.09967354184059994
-38.3082,0.12621286810260013
-38.2882,0.14779093256199988
-38.2682,0.15964563367640003
-38.2482,0.15919550303869995
-38.2282,0.14651345648539987
-38.208200000000005,0.12449684674209992
-38.1882,0.09759544086270004
-38.1682,0.07061047761740001
-38.1482,0.0472332090544
-38.1282,0.02912703540310001
-38.1082,0.01659698874684999
-38.0882,0.00871229688706999
-38.068200000000004,0.004234703218911005
-38.0482,0.001897521539004
-38.0282,0.0007848040953149995
-38.0082,0.0002993224029366998
-37.9882,0.00010558314384409994
-37.968199999999996,0.00003431802014371
-37.9482,0.000010302560037849988
-37.928200000000004,0.0000028589743038980003
-37.9082,7.313306862469996e-7
-37.8882,1.728270747225e-7
-37.8682,3.7698623002520023e-8
-37.848200000000006,7.58945473672e-9
-37.828199999999995,1.409922004031e-9
-37.8082,2.4163636278099975e-10
-37.7882,3.8292081397750014e-11
-37.7682,5.594154748659996e-12
-37.7482,0
-37.7282,0
-37.708200000000005,0
-37.6882,0
-37.6682,0
-37.6482,0
-37.6282,0
-37.6082,0
-37.5882,0
-37.568200000000004,0
-37.5482,0
-37.5282,0
-37.5082,0
-37.4882,0
-37.468199999999996,0
-37.4482,0
-37.428200000000004,0
-37.4082,0
-37.3882,0
-37.3682,0
-37.348200000000006,0
-37.328199999999995,0
-37.3082,0
-37.2882,0
-37.2682,0
-37.2482,0
-37.2282,0
-37.208200000000005,0
-37.1882,0
-37.1682,0
-37.1482,0
-37.1282,0
-37.1082,0
-37.0882,0
-37.068200000000004,0
-37.0482,0
-37.0282,0
-37.0082,0
-36.9882,0
-36.968199999999996,0
-36.9482,0
-36.928200000000004,0
-36.9082,0
-36.8882,0
-36.8682,5.411370653000009e-12
-36.848200000000006,3.7566616899999995e-11
-36.828199999999995,2.408195895900002e-10
-36.8082,1.4239475675999985e-9
-36.7882,7.782367097e-9
-36.7682,3.9311034299999996e-8
-36.7482,1.8322409086000002e-7
-36.7282,7.881583216999997e-7
-36.708200000000005,0.000003135751475399999
-36.6882,0.000011504177054000003
-36.6682,0.00003900934552999995
-36.6482,0.00012218755767000005
-36.6282,0.00035331505340000034
-36.6082,0.0009445182566000001
-36.5882,0.0023276925293999997
-36.568200000000004,0.005302883386000003
-36.5482,0.011167479232999997
-36.5282,0.021682023751999985
-36.5082,0.03896459043
-36.4882,0.06459913871999996
-36.468199999999996,0.09896826000999998
-36.4482,0.1400696335899999
-36.428200000000004,0.18306084686000015
-36.4082,0.22101855570000004
-36.3882,0.24654284497000015
-36.3682,0.2542666180899998
-36.348200000000006,0.2423662470499998
-36.328199999999995,0.21391670024999984
-36.3082,0.1753565742799999
-36.2882,0.13449942334999998
-36.2682,0.09836701969000004
-36.2482,0.07083805421000004
-36.2282,0.05324806103999998
-36.208200000000005,0.04426585927000001
-36.1882,0.04100538721999999
-36.1682,0.040506370704999996
-36.1482,0.04021240931300001
-36.1282,0.038849176586999996
-36.1082,0.03662497122199999
-36.0882,0.03472252660999999
-36.068200000000004,0.035184650219999974
-36.0482,0.04055171736000002
-36.0282,0.05345756929
-36.0082,0.07623362093
-35.9882,0.11101283176999995
-35.968199999999996,0.15901334686000004
-35.9482,0.21977101916999997
-35.928200000000004,0.29044369166999984
-35.9082,0.36646751019999985
-35.8882,0.4373836504399997
-35.8682,0.49522230460000005
-35.848200000000006,0.5328551271800003
-35.828199999999995,0.5433560975700004
-35.8082,0.5297399082100003
-35.7882,0.50091734744
-35.7682,0.46809552431000023
-35.7482,0.44667958037999966
-35.7282,0.45213771299999994
-35.708200000000005,0.49299898280000015
-35.6882,0.5721273643999999
-35.6682,0.6836530189999996
-35.6482,0.8167241427999993
-35.6282,0.9576687963999999
-35.6082,1.0946345316000006
-35.5882,1.2163176579
-35.568200000000004,1.3177965399999994
-35.5482,1.3916624015000003
-35.5282,1.431742666599999
-35.5082,1.432005904
-35.4882,1.3947030820000004
-35.468199999999996,1.3233959339999988
-35.4482,1.2303267847000006
-35.428200000000004,1.1247128428000004
-35.4082,1.0159794964999997
-35.3882,0.9078836363999998
-35.3682,0.8010622902000004
-35.348200000000006,0.6924483597999995
-35.328199999999995,0.5825014356999992
-35.3082,0.47341260141000036
-35.2882,0.37075209333
-35.2682,0.2790119025899999
-35.2482,0.20300980988000006
-35.2282,0.1439607548599998
-35.208200000000005,0.10192016845199998
-35.1882,0.07573905790799995
-35.1682,0.06388480869100004
-35.1482,0.06464169975900005
-35.1282,0.07584654041899999
-35.1082,0.09430742489600005
-35.0882,0.115666487322
-35.068200000000004,0.13480175986699997
-35.0482,0.14718688976700015
-35.0282,0.1498991572999999
-35.0082,0.14283759173999994
-34.9882,0.12866995606000003
-34.968199999999996,0.11224778346000003
-34.9482,0.09863180618999998
-34.928200000000004,0.09175674485999999
-34.9082,0.09318739950999994
-34.8882,0.10209673474999996
-34.8682,0.11530105043000004
-34.848200000000006,0.1284343399
-34.828199999999995,0.13715278599999994
-34.8082,0.13828890646999992
-34.7882,0.13106623250000005
-34.7682,0.11646696420000005
-34.7482,0.09731545225000005
-34.7282,0.07733567999000004
-34.708200000000005,0.05937464140999996
-34.6882,0.045527600000000036
-34.6682,0.03649403775500002
-34.6482,0.031697239077000006
-34.6282,0.029974704581000027
-34.6082,0.02974796267099999
-34.5882,0.02957822032400002
-34.568200000000004,0.028449228071000015
-34.5482,0.025922926635999984
-34.5282,0.02209141443300001
-34.5082,0.0175311583891
-34.4882,0.012908772961700015
-34.468199999999996,0.008790146869600009
-34.4482,0.005535420053299997
-34.428200000000004,0.003223899334909999
-34.4082,0.0017345201308199987
-34.3882,0.0008617966905859984
-34.3682,0.0003956993547310004
-34.3482,0.0001674809568500001
-34.3282,0.00006550684006329996
-34.3082,0.00002362878337439999
-34.2882,0.000007878991401250003
-34.2682,0.000002422905305229997
-34.2482,6.886872999550004e-7
-34.2282,1.805280447710001e-7
-34.2082,4.3683589037200027e-8
-34.1882,9.757562972629997e-9
-34.1682,2.011654379130001e-9
-34.1482,3.828740160140001e-10
-34.1282,6.730182863229995e-11
-34.1082,1.0927744132889993e-11
-34.0882,1.6367227016300009e-12
-34.068200000000004,2.2605667036999998e-13
-34.0482,0
-34.0282,0
-34.0082,0
-33.9882,0
-33.968199999999996,0
-33.9482,0
-33.928200000000004,0
-33.9082,0
-33.8882,0
-33.8682,0
-33.8482,0
-33.8282,0
-33.8082,0
-33.7882,0
-33.7682,0
-33.7482,0
-33.7282,0
-33.7082,0
-33.6882,0
-33.6682,0
-33.6482,0
-33.6282,0
-33.6082,0
-33.5882,0
-33.568200000000004,1.3880689762790022e-13
-33.5482,1.0154266434910013e-12
-33.5282,6.841831478419001e-12
-33.5082,4.2655249606669986e-11
-33.4882,2.4542116565120025e-10
-33.468199999999996,1.3026809769159984e-9
-33.4482,6.3911826025920055e-9
-33.428200000000004,2.8882282849690018e-8
-33.4082,1.2049186497180024e-7
-33.3882,4.645449937475996e-7
-33.3682,0.0000016550176028039992
-33.3482,0.0000054395609863129974
-33.3282,0.000016490128755249975
-33.3082,0.00004618907466994001
-33.2882,0.00011932671226879999
-33.2682,0.0002844224800919
-33.2482,0.0006266124999143991
-33.2282,0.0012737915632929982
-33.2082,0.002389817190799002
-33.1882,0.004139588872681002
-33.1682,0.0066260965950960034
-33.1482,0.009766725498820015
-33.1282,0.01331984337322999
-33.1082,0.016752433668650007
-33.0882,0.019448486587939986
-33.068200000000004,0.020853117134210026
-33.0482,0.020619151732979984
-33.0282,0.018844253734300005
-33.0082,0.015896518176129977
-32.9882,0.012360685507359997
-32.968199999999996,0.00887838939543
-32.9482,0.0058993007319300015
-32.928200000000004,0.0036058328559999977
-32.9082,0.002037358452561999
-32.8882,0.0010645174714890005
-32.8682,0.0005119000743832996
-32.8482,0.00022782605609570017
-32.8282,0.00009349777385429999
-32.8082,0.00003541625739777002
-32.7882,0.00001237722582572
-32.7682,0.000003998365236170999
-32.7482,0.0000011915933566490004
-32.7282,3.2790249101580024e-7
-32.7082,8.322757211020001e-8
-32.6882,1.9513854771690004e-8
-32.6682,4.222759311706996e-9
-32.6482,8.435093199149985e-10
-32.6282,1.5555749540950014e-10
-32.6082,2.6486838935599994e-11
-32.5882,4.166097120765992e-12
-32.568200000000004,6.03122066770101e-13
-32.5482,0
-32.5282,0
-32.5082,0
-32.4882,0
-32.468199999999996,0
-32.4482,0
-32.428200000000004,0
-32.4082,0
-32.3882,0
-32.3682,0
-32.3482,0
-32.3282,0
-32.3082,0
-32.2882,0
-32.2682,0
-32.2482,0
-32.2282,0
-32.2082,0
-32.1882,0
-32.1682,0
-32.1482,0
-32.1282,0
-32.1082,0
-32.0882,0
-32.068200000000004,0
-32.0482,0
-32.0282,0
-32.0082,0
-31.9882,0
-31.9682,0
-31.9482,0
-31.9282,0
-31.9082,0
-31.8882,0
-31.8682,0
-31.8482,0
-31.828200000000002,0
-31.8082,0
-31.7882,0
-31.7682,0
-31.7482,0
-31.7282,0
-31.708199999999998,0
-31.688200000000002,0
-31.6682,0
-31.648200000000003,0
-31.6282,0
-31.6082,0
-31.5882,0
-31.5682,0
-31.5482,0
-31.5282,0
-31.508200000000002,0
-31.4882,0
-31.4682,0
-31.4482,0
-31.4282,0
-31.4082,0
-31.3882,0
-31.3682,0
-31.3482,0
-31.328200000000002,0
-31.3082,0
-31.2882,0
-31.2682,0
-31.2482,0
-31.2282,0
-31.208199999999998,0
-31.188200000000002,0
-31.1682,0
-31.148200000000003,0
-31.1282,0
-31.1082,0
-31.0882,0
-31.0682,0
-31.0482,0
-31.0282,0
-31.008200000000002,0
-30.9882,0
-30.9682,0
-30.9482,0
-30.9282,0
-30.9082,0
-30.8882,0
-30.8682,0
-30.8482,0
-30.828200000000002,0
-30.8082,0
-30.7882,0
-30.7682,0
-30.7482,0
-30.7282,0
-30.708199999999998,0
-30.688200000000002,0
-30.6682,0
-30.648200000000003,0
-30.6282,0
-30.6082,0
-30.5882,0
-30.5682,0
-30.5482,0
-30.5282,0
-30.508200000000002,0
-30.4882,0
-30.4682,0
-30.4482,0
-30.4282,0
-30.4082,0
-30.3882,0
-30.3682,0
-30.3482,0
-30.328200000000002,0
-30.3082,0
-30.2882,0
-30.2682,0
-30.2482,0
-30.2282,0
-30.208199999999998,0
-30.188200000000002,0
-30.1682,0
-30.148200000000003,0
-30.1282,0
-30.1082,0
-30.0882,0
-30.0682,0
-30.0482,0
-30.0282,0
-30.008200000000002,0
-29.9882,0
-29.9682,0
-29.9482,0
-29.9282,0
-29.9082,0
-29.8882,0
-29.8682,0
-29.8482,0
-29.828200000000002,0
-29.8082,0
-29.7882,0
-29.7682,0
-29.7482,0
-29.7282,0
-29.708199999999998,0
-29.688200000000002,0
-29.6682,0
-29.648200000000003,0
-29.6282,0
-29.6082,0
-29.5882,0
-29.5682,0
-29.5482,0
-29.5282,0
-29.508200000000002,0
-29.4882,0
-29.4682,0
-29.4482,0
-29.4282,0
-29.4082,0
-29.3882,0
-29.3682,0
-29.3482,0
-29.328200000000002,0
-29.3082,0
-29.2882,0
-29.2682,0
-29.2482,0
-29.2282,0
-29.208199999999998,0
-29.188200000000002,0
-29.1682,0
-29.148200000000003,0
-29.1282,0
-29.1082,0
-29.0882,0
-29.0682,0
-29.0482,0
-29.0282,0
-29.008200000000002,0
-28.9882,0
-28.9682,0
-28.9482,0
-28.9282,0
-28.9082,0
-28.8882,0
-28.8682,0
-28.8482,0
-28.828200000000002,0
-28.8082,0
-28.7882,0
-28.7682,0
-28.7482,0
-28.7282,0
-28.708199999999998,0
-28.688200000000002,0
-28.6682,0
-28.648200000000003,0
-28.6282,0
-28.6082,0
-28.5882,0
-28.5682,0
-28.5482,0
-28.5282,0
-28.508200000000002,0
-28.4882,0
-28.4682,0
-28.4482,0
-28.4282,0
-28.4082,0
-28.3882,0
-28.3682,0
-28.3482,0
-28.328200000000002,0
-28.3082,0
-28.2882,0
-28.2682,0
-28.2482,0
-28.2282,0
-28.208199999999998,0
-28.188200000000002,0
-28.1682,0
-28.148200000000003,0
-28.1282,0
-28.1082,0
-28.0882,0
-28.0682,0
-28.0482,0
-28.0282,0
-28.008200000000002,0
-27.9882,0
-27.9682,0
-27.9482,0
-27.9282,0
-27.9082,0
-27.8882,0
-27.8682,0
-27.8482,0
-27.828200000000002,0
-27.8082,0
-27.7882,0
-27.7682,0
-27.7482,0
-27.7282,0
-27.708199999999998,0
-27.688200000000002,0
-27.6682,0
-27.648200000000003,0
-27.6282,0
-27.6082,0
-27.5882,0
-27.5682,0
-27.5482,0
-27.5282,0
-27.508200000000002,0
-27.4882,0
-27.4682,0
-27.4482,0
-27.4282,0
-27.4082,0
-27.3882,0
-27.3682,0
-27.3482,0
-27.328200000000002,0
-27.3082,0
-27.2882,0
-27.2682,0
-27.2482,0
-27.2282,0
-27.208199999999998,0
-27.188200000000002,0
-27.1682,0
-27.148200000000003,0
-27.1282,0
-27.1082,0
-27.0882,0
-27.0682,0
-27.0482,0
-27.0282,0
-27.008200000000002,0
-26.9882,0
-26.9682,0
-26.9482,0
-26.9282,0
-26.9082,0
-26.8882,0
-26.8682,0
-26.8482,0
-26.828200000000002,0
-26.8082,0
-26.7882,0
-26.7682,0
-26.7482,0
-26.7282,0
-26.708199999999998,0
-26.688200000000002,0
-26.6682,0
-26.648200000000003,0
-26.6282,0
-26.6082,0
-26.5882,0
-26.5682,0
-26.5482,0
-26.5282,0
-26.508200000000002,0
-26.4882,0
-26.4682,0
-26.4482,0
-26.4282,0
-26.4082,0
-26.3882,0
-26.3682,0
-26.3482,0
-26.328200000000002,0
-26.3082,0
-26.2882,0
-26.2682,0
-26.2482,0
-26.2282,0
-26.2082,0
-26.188200000000002,0
-26.1682,0
-26.1482,0
-26.1282,0
-26.1082,0
-26.0882,0
-26.0682,0
-26.0482,0
-26.0282,0
-26.008200000000002,0
-25.9882,0
-25.9682,0
-25.9482,0
-25.9282,0
-25.9082,0
-25.8882,0
-25.8682,0
-25.8482,0
-25.828200000000002,0
-25.8082,0
-25.7882,0
-25.7682,0
-25.7482,0
-25.7282,0
-25.7082,0
-25.688200000000002,0
-25.6682,0
-25.6482,0
-25.6282,0
-25.6082,0
-25.5882,0
-25.5682,0
-25.5482,0
-25.5282,0
-25.508200000000002,0
-25.4882,0
-25.4682,0
-25.4482,0
-25.4282,0
-25.4082,0
-25.3882,0
-25.3682,0
-25.3482,0
-25.328200000000002,0
-25.3082,0
-25.2882,0
-25.2682,0
-25.2482,0
-25.2282,0
-25.2082,0
-25.188200000000002,0
-25.1682,0
-25.1482,0
-25.1282,0
-25.1082,0
-25.0882,0
-25.0682,0
-25.0482,0
-25.0282,0
-25.008200000000002,0
-24.9882,0
-24.9682,0
-24.9482,0
-24.9282,0
-24.9082,0
-24.8882,0
-24.8682,0
-24.8482,0
-24.828200000000002,0
-24.8082,0
-24.7882,0
-24.7682,0
-24.7482,0
-24.7282,0
-24.7082,0
-24.688200000000002,0
-24.6682,0
-24.6482,0
-24.6282,0
-24.6082,0
-24.5882,0
-24.5682,0
-24.5482,0
-24.5282,0
-24.508200000000002,0
-24.4882,0
-24.4682,0
-24.4482,0
-24.4282,0
-24.4082,0
-24.3882,0
-24.3682,0
-24.3482,0
-24.328200000000002,0
-24.3082,0
-24.2882,0
-24.2682,0
-24.2482,0
-24.2282,0
-24.2082,0
-24.188200000000002,0
-24.1682,0
-24.1482,0
-24.1282,0
-24.1082,0
-24.0882,0
-24.0682,0
-24.0482,0
-24.0282,0
-24.008200000000002,0
-23.9882,0
-23.9682,0
-23.9482,0
-23.9282,0
-23.9082,0
-23.8882,0
-23.8682,0
-23.8482,0
-23.828200000000002,0
-23.8082,0
-23.7882,0
-23.7682,0
-23.7482,0
-23.7282,0
-23.7082,0
-23.688200000000002,0
-23.6682,0
-23.6482,0
-23.6282,0
-23.6082,0
-23.5882,0
-23.5682,0
-23.5482,0
-23.5282,0
-23.508200000000002,0
-23.4882,0
-23.4682,0
-23.4482,0
-23.4282,0
-23.4082,0
-23.3882,0
-23.3682,0
-23.3482,0
-23.328200000000002,0
-23.3082,0
-23.2882,0
-23.2682,0
-23.2482,0
-23.2282,0
-23.2082,0
-23.188200000000002,0
-23.1682,0
-23.1482,0
-23.1282,0
-23.1082,0
-23.0882,0
-23.0682,0
-23.0482,0
-23.0282,0
-23.008200000000002,0
-22.9882,0
-22.9682,0
-22.9482,0
-22.9282,0
-22.9082,0
-22.8882,0
-22.8682,0
-22.8482,0
-22.828200000000002,0
-22.8082,0
-22.7882,0
-22.7682,0
-22.7482,0
-22.7282,0
-22.7082,0
-22.688200000000002,0
-22.6682,0
-22.6482,0
-22.6282,0
-22.6082,0
-22.5882,0
-22.5682,0
-22.5482,0
-22.5282,0
-22.508200000000002,0
-22.4882,0
-22.4682,0
-22.4482,0
-22.4282,0
-22.4082,0
-22.3882,0
-22.3682,0
-22.3482,0
-22.3282,0
-22.3082,0
-22.2882,0
-22.2682,0
-22.2482,0
-22.2282,0
-22.2082,0
-22.188200000000002,0
-22.1682,0
-22.1482,0
-22.1282,0
-22.1082,0
-22.0882,0
-22.0682,0
-22.0482,0
-22.028200000000002,0
-22.008200000000002,0
-21.9882,0
-21.9682,0
-21.9482,0
-21.9282,0
-21.9082,0
-21.8882,0
-21.8682,0
-21.8482,0
-21.8282,0
-21.8082,0
-21.7882,0
-21.7682,0
-21.7482,0
-21.7282,0
-21.7082,0
-21.688200000000002,0
-21.6682,0
-21.6482,0
-21.6282,0
-21.6082,0
-21.5882,0
-21.5682,0
-21.5482,0
-21.528200000000002,0
-21.508200000000002,0
-21.4882,0
-21.4682,0
-21.4482,0
-21.4282,0
-21.4082,0
-21.3882,0
-21.3682,0
-21.3482,0
-21.3282,0
-21.3082,0
-21.2882,0
-21.2682,0
-21.2482,0
-21.2282,0
-21.2082,0
-21.188200000000002,0
-21.1682,0
-21.1482,0
-21.1282,0
-21.1082,0
-21.0882,0
-21.0682,0
-21.0482,0
-21.028200000000002,0
-21.008200000000002,0
-20.9882,0
-20.9682,0
-20.9482,0
-20.9282,0
-20.9082,0
-20.8882,0
-20.8682,0
-20.8482,0
-20.8282,0
-20.8082,0
-20.7882,0
-20.7682,0
-20.7482,0
-20.7282,0
-20.7082,0
-20.688200000000002,0
-20.6682,0
-20.6482,0
-20.6282,0
-20.6082,0
-20.5882,0
-20.5682,0
-20.5482,0
-20.528200000000002,0
-20.508200000000002,0
-20.4882,0
-20.4682,0
-20.4482,0
-20.4282,0
-20.4082,0
-20.3882,0
-20.3682,0
-20.3482,0
-20.3282,0
-20.3082,0
-20.2882,0
-20.2682,0
-20.2482,0
-20.2282,0
-20.2082,0
-20.188200000000002,0
-20.1682,0
-20.1482,0
-20.1282,0
-20.1082,0
-20.0882,0
-20.0682,0
-20.0482,0
-20.028200000000002,0
-20.008200000000002,0
-19.9882,0
-19.9682,0
-19.9482,0
-19.9282,0
-19.9082,0
-19.8882,0
-19.8682,0
-19.8482,0
-19.8282,0
-19.8082,0
-19.7882,0
-19.7682,0
-19.7482,0
-19.7282,0
-19.7082,0
-19.688200000000002,0
-19.6682,0
-19.6482,0
-19.6282,0
-19.6082,0
-19.5882,0
-19.5682,0
-19.5482,0
-19.528200000000002,0
-19.508200000000002,0
-19.4882,0
-19.4682,0
-19.4482,0
-19.4282,0
-19.4082,0
-19.3882,0
-19.3682,0
-19.348200000000002,0
-19.3282,0
-19.3082,0
-19.2882,0
-19.2682,0
-19.2482,0
-19.2282,0
-19.2082,0
-19.188200000000002,0
-19.1682,0
-19.1482,0
-19.1282,0
-19.1082,0
-19.0882,0
-19.0682,0
-19.0482,0
-19.028200000000002,0
-19.0082,0
-18.9882,0
-18.9682,0
-18.9482,0
-18.9282,0
-18.9082,0
-18.8882,0
-18.8682,0
-18.848200000000002,0
-18.8282,0
-18.8082,0
-18.7882,0
-18.7682,0
-18.7482,0
-18.7282,0
-18.7082,0
-18.688200000000002,0
-18.6682,0
-18.6482,0
-18.6282,0
-18.6082,0
-18.5882,0
-18.5682,0
-18.5482,0
-18.528200000000002,0
-18.5082,0
-18.4882,0
-18.4682,0
-18.4482,0
-18.4282,0
-18.4082,0
-18.3882,0
-18.3682,0
-18.348200000000002,0
-18.3282,0
-18.3082,0
-18.2882,0
-18.2682,0
-18.2482,0
-18.2282,0
-18.2082,0
-18.188200000000002,0
-18.1682,0
-18.1482,0
-18.1282,0
-18.1082,0
-18.0882,0
-18.0682,0
-18.0482,0
-18.028200000000002,0
-18.0082,0
-17.9882,0
-17.9682,0
-17.9482,0
-17.9282,0
-17.9082,0
-17.8882,0
-17.8682,0
-17.848200000000002,0
-17.8282,0
-17.8082,0
-17.7882,0
-17.7682,0
-17.7482,0
-17.7282,0
-17.7082,0
-17.688200000000002,0
-17.6682,0
-17.6482,0
-17.6282,0
-17.6082,0
-17.5882,0
-17.5682,0
-17.5482,0
-17.528200000000002,0
-17.5082,0
-17.4882,0
-17.4682,0
-17.4482,0
-17.4282,0
-17.4082,0
-17.3882,0
-17.3682,0
-17.3482,0
-17.3282,0
-17.3082,0
-17.2882,0
-17.2682,0
-17.2482,0
-17.2282,0
-17.2082,0
-17.188200000000002,0
-17.1682,0
-17.1482,0
-17.1282,0
-17.1082,0
-17.0882,0
-17.0682,0
-17.0482,0
-17.028200000000002,0
-17.008200000000002,0
-16.9882,0
-16.9682,0
-16.9482,0
-16.9282,0
-16.9082,0
-16.8882,0
-16.8682,0
-16.8482,0
-16.8282,0
-16.8082,0
-16.7882,0
-16.7682,0
-16.7482,0
-16.7282,0
-16.7082,0
-16.688200000000002,0
-16.6682,0
-16.6482,0
-16.6282,0
-16.6082,0
-16.5882,0
-16.5682,0
-16.5482,0
-16.528200000000002,0
-16.508200000000002,0
-16.4882,0
-16.4682,0
-16.4482,0
-16.4282,0
-16.4082,0
-16.3882,0
-16.3682,0
-16.3482,0
-16.3282,0
-16.3082,0
-16.2882,0
-16.2682,0
-16.2482,0
-16.2282,0
-16.2082,0
-16.188200000000002,0
-16.1682,0
-16.1482,0
-16.1282,0
-16.1082,0
-16.0882,0
-16.0682,0
-16.0482,0
-16.028200000000002,0
-16.008200000000002,0
-15.9882,0
-15.9682,0
-15.9482,0
-15.9282,0
-15.9082,0
-15.888200000000001,0
-15.8682,0
-15.8482,0
-15.8282,0
-15.8082,0
-15.7882,0
-15.7682,0
-15.7482,0
-15.728200000000001,0
-15.7082,0
-15.6882,0
-15.6682,0
-15.648200000000001,0
-15.6282,0
-15.6082,0
-15.5882,0
-15.568200000000001,0
-15.548200000000001,0
-15.5282,0
-15.5082,0
-15.4882,0
-15.4682,0
-15.4482,0
-15.4282,0
-15.4082,0
-15.388200000000001,0
-15.3682,0
-15.3482,0
-15.3282,0
-15.3082,0
-15.2882,0
-15.2682,0
-15.2482,0
-15.228200000000001,0
-15.2082,0
-15.1882,0
-15.1682,0
-15.148200000000001,0
-15.1282,0
-15.1082,0
-15.0882,0
-15.068200000000001,0
-15.048200000000001,0
-15.0282,0
-15.0082,0
-14.9882,0
-14.9682,0
-14.9482,0
-14.9282,0
-14.9082,0
-14.888200000000001,0
-14.8682,0
-14.8482,0
-14.8282,0
-14.8082,0
-14.7882,0
-14.7682,0
-14.7482,0
-14.728200000000001,0
-14.7082,0
-14.6882,0
-14.6682,0
-14.648200000000001,0
-14.6282,0
-14.6082,0
-14.5882,0
-14.568200000000001,0
-14.548200000000001,0
-14.5282,0
-14.5082,0
-14.4882,0
-14.4682,0
-14.4482,0
-14.4282,0
-14.4082,0
-14.388200000000001,0
-14.368200000000002,0
-14.3482,0
-14.3282,0
-14.3082,0
-14.2882,0
-14.2682,0
-14.2482,0
-14.228200000000001,0
-14.208200000000001,0
-14.1882,0
-14.1682,0
-14.1482,0
-14.1282,0
-14.1082,0
-14.0882,0
-14.068200000000001,0
-14.048200000000001,0
-14.0282,0
-14.0082,0
-13.988199999999999,0
-13.9682,0
-13.9482,0
-13.9282,0
-13.9082,0
-13.888200000000001,0
-13.868200000000002,0
-13.8482,0
-13.8282,0
-13.8082,0
-13.7882,0
-13.7682,0
-13.7482,0
-13.728200000000001,0
-13.708200000000001,0
-13.6882,0
-13.6682,0
-13.6482,0
-13.6282,0
-13.6082,0
-13.5882,0
-13.568200000000001,0
-13.548200000000001,0
-13.5282,0
-13.5082,0
-13.488199999999999,0
-13.4682,0
-13.4482,0
-13.4282,0
-13.4082,0
-13.388200000000001,0
-13.368200000000002,0
-13.3482,0
-13.3282,0
-13.3082,0
-13.2882,0
-13.2682,0
-13.2482,0
-13.228200000000001,0
-13.208200000000001,0
-13.1882,0
-13.1682,0
-13.1482,0
-13.1282,0
-13.1082,0
-13.0882,0
-13.068200000000001,0
-13.048200000000001,0
-13.0282,0
-13.0082,0
-12.988199999999999,0
-12.9682,0
-12.9482,0
-12.9282,0
-12.9082,0
-12.888200000000001,0
-12.868200000000002,0
-12.8482,0
-12.8282,0
-12.8082,0
-12.7882,0
-12.7682,0
-12.7482,0
-12.728200000000001,0
-12.708200000000001,0
-12.6882,0
-12.6682,0
-12.6482,0
-12.6282,0
-12.6082,0
-12.5882,0
-12.568200000000001,0
-12.548200000000001,0
-12.5282,0
-12.5082,0
-12.488199999999999,0
-12.4682,0
-12.4482,0
-12.4282,0
-12.4082,0
-12.388200000000001,0
-12.368200000000002,0
-12.3482,0
-12.3282,0
-12.3082,0
-12.2882,0
-12.2682,0
-12.2482,0
-12.228200000000001,0
-12.208200000000001,0
-12.1882,0
-12.1682,0
-12.1482,0
-12.1282,0
-12.1082,0
-12.0882,0
-12.068200000000001,0
-12.048200000000001,0
-12.0282,0
-12.0082,0
-11.988199999999999,0
-11.9682,0
-11.9482,0
-11.9282,0
-11.9082,0
-11.888200000000001,0
-11.868200000000002,0
-11.8482,0
-11.8282,0
-11.8082,0
-11.7882,0
-11.7682,0
-11.7482,0
-11.728200000000001,0
-11.708200000000001,0
-11.6882,0
-11.6682,0
-11.6482,0
-11.6282,0
-11.6082,0
-11.5882,0
-11.568200000000001,0
-11.548200000000001,0
-11.5282,0
-11.5082,0
-11.488199999999999,0
-11.4682,0
-11.4482,0
-11.4282,0
-11.4082,0
-11.388200000000001,0
-11.368200000000002,0
-11.3482,0
-11.3282,0
-11.3082,0
-11.2882,0
-11.2682,0
-11.2482,0
-11.228200000000001,0
-11.208200000000001,0
-11.1882,0
-11.1682,0
-11.1482,0
-11.1282,0
-11.1082,0
-11.0882,0
-11.068200000000001,0
-11.048200000000001,0
-11.0282,0
-11.0082,0
-10.988199999999999,0
-10.9682,0
-10.9482,0
-10.9282,0
-10.9082,0
-10.888200000000001,0
-10.868200000000002,0
-10.8482,0
-10.8282,0
-10.8082,0
-10.7882,0
-10.7682,0
-10.7482,0
-10.728200000000001,0
-10.708200000000001,0
-10.6882,0
-10.6682,0
-10.6482,0
-10.6282,0
-10.6082,0
-10.5882,0
-10.568200000000001,0
-10.548200000000001,0
-10.5282,0
-10.5082,0
-10.488199999999999,0
-10.4682,0
-10.4482,0
-10.4282,0
-10.4082,0
-10.388200000000001,0
-10.3682,0
-10.3482,0
-10.3282,0
-10.308200000000001,0
-10.2882,0
-10.2682,0
-10.2482,0
-10.228200000000001,0
-10.2082,0
-10.1882,0
-10.1682,0
-10.148200000000001,0
-10.1282,0
-10.1082,0
-10.0882,0
-10.068200000000001,0
-10.0482,0
-10.0282,0
-10.0082,0
-9.9882,0
-9.9682,0
-9.9482,0
-9.9282,0
-9.9082,0
-9.888200000000001,0
-9.8682,0
-9.8482,0
-9.8282,0
-9.808200000000001,0
-9.7882,0
-9.7682,0
-9.7482,0
-9.728200000000001,0
-9.7082,0
-9.6882,0
-9.6682,0
-9.648200000000001,0
-9.6282,0
-9.6082,0
-9.5882,0
-9.568200000000001,0
-9.5482,0
-9.5282,0
-9.5082,0
-9.4882,0
-9.4682,0
-9.4482,0
-9.4282,0
-9.4082,0
-9.388200000000001,0
-9.3682,0
-9.3482,0
-9.3282,0
-9.308200000000001,0
-9.2882,0
-9.2682,0
-9.2482,0
-9.228200000000001,0
-9.2082,0
-9.1882,0
-9.1682,0
-9.148200000000001,0
-9.1282,0
-9.1082,1.0897373300499998e-11
-9.0882,7.641976096299997e-11
-9.068200000000001,4.948415726899997e-10
-9.0482,2.95482750477e-9
-9.0282,1.6306600197299987e-8
-9.0082,8.3080676744e-8
-8.9882,3.905315344109999e-7
-8.9682,0.0000016937192242799995
-8.9482,0.0000067851424776
-8.9282,0.000025086393307300004
-8.9082,0.00008565224881799996
-8.888200000000001,0.00026986636572400025
-8.8682,0.0007859316058299997
-8.8482,0.0021097613725600006
-8.8282,0.005236044172899999
-8.808200000000001,0.011999189437900003
-8.7882,0.0253999265413
-8.7682,0.04969509554500004
-8.7482,0.089973136392
-8.728200000000001,0.15071143886000007
-8.7082,0.2342869451399998
-8.6882,0.33846266641000006
-8.6682,0.45709190250000015
-8.648200000000001,0.5801728736
-8.6282,0.6969914573000001
-8.6082,0.8031553769999996
-8.5882,0.9000714230000002
-8.568200000000001,0.994593864
-8.5482,1.0966232700000003
-8.5282,1.2112482340000001
-8.5082,1.3440406570000003
-8.4882,1.4907590189999993
-8.4682,1.6455232779999986
-8.4482,1.8032506430000004
-8.4282,1.9548303500000004
-8.4082,2.0879722859999985
-8.388200000000001,2.1897934370000005
-8.3682,2.242569618000001
-8.3482,2.245189837
-8.3282,2.188473382000001
-8.308200000000001,2.0873663380000003
-8.2882,1.9571283020000003
-8.2682,1.816016591999999
-8.2482,1.679994507
-8.228200000000001,1.5670841320000009
-8.2082,1.4878902999999999
-8.1882,1.4501900620000001
-8.1682,1.4519062980000002
-8.148200000000001,1.48560286
-8.1282,1.5365263370000004
-8.1082,1.5885660999999993
-8.0882,1.6267597499999997
-8.068200000000001,1.6379200500000006
-8.0482,1.6150510299999994
-8.0282,1.557939755
-8.0082,1.4722632809999987
-7.988200000000001,1.3730649939999988
-7.9681999999999995,1.2802692439999994
-7.9482,1.2182838040000008
-7.9282,1.2061851920000004
-7.908200000000001,1.253131354999999
-7.888200000000001,1.353389590000001
-7.8682,1.48798081
-7.8482,1.6291032200000004
-7.828200000000001,1.7476188000000001
-7.808200000000001,1.8265418300000016
-7.7882,1.8599006799999995
-7.7682,1.8542234000000015
-7.748200000000001,1.8211751199999988
-7.728200000000001,1.7739742499999993
-7.7082,1.7237518000000005
-7.6882,1.6801151340000002
-7.668200000000001,1.6491759199999998
-7.648200000000001,1.6385876410000006
-7.6282,1.6542284360000006
-7.6082,1.700138923999999
-7.5882000000000005,1.7752296300000012
-7.568200000000001,1.8761052100000002
-7.5482,2.002757000000001
-7.5282,2.1507273499999995
-7.5082,2.3165060599999996
-7.488200000000001,2.497643670000001
-7.4681999999999995,2.6862248900000005
-7.4482,2.8759189599999986
-7.4282,3.0596490799999985
-7.408200000000001,3.2314047900000014
-7.388200000000001,3.389203179999998
-7.3682,3.5249586100000005
-7.3482,3.6276172100000013
-7.328200000000001,3.679641989999999
-7.308200000000001,3.65624778
-7.2882,3.544083609999999
-7.2682,3.332865740000001
-7.248200000000001,3.045228029999999
-7.228200000000001,2.716828329999999
-7.2082,2.3962619800000002
-7.1882,2.1285748499999997
-7.168200000000001,1.9428869600000007
-7.148200000000001,1.8440274360000013
-7.1282,1.811682744
-7.1082,1.8122387789999996
-7.0882000000000005,1.8086372570000009
-7.068200000000001,1.770019259999999
-7.0482,1.6802074299999987
-7.0282,1.542217529
-7.0082,1.3740422810000001
-6.988200000000001,1.2095615370000004
-6.9681999999999995,1.0880386630000007
-6.9482,1.0485554779999997
-6.9282,1.118090096000001
-6.908200000000001,1.3075959120000002
-6.888200000000001,1.6091795819999994
-6.8682,2.001544128000002
-6.8482,2.455741367000003
-6.828200000000001,2.9374803899999993
-6.808200000000001,3.4121399499999985
-6.7882,3.83401809
-6.7682,4.162275659999999
-6.748200000000001,4.361567749999993
-6.728200000000001,4.414705739999997
-6.7082,4.34532421
-6.6882,4.195271860000002
-6.668200000000001,4.0319462889999995
-6.648200000000001,3.914077205999999
-6.6282,3.8817027129999984
-6.6082,3.9312011769999997
-6.5882000000000005,4.040825146
-6.568200000000001,4.169489970000001
-6.5482,4.271266770000001
-6.5282,4.32897018
-6.5082,4.328777629999998
-6.488200000000001,4.2821820399999995
-6.4681999999999995,4.206220550000003
-6.4482,4.114353329999998
-6.4282,4.03291569
-6.408200000000001,3.9742091800000012
-6.388200000000001,3.9480810999999987
-6.3682,3.9547745500000007
-6.3482,3.9915334399999987
-6.328200000000001,4.055375490000003
-6.308200000000001,4.153204519999998
-6.2882,4.293454020000002
-6.2682,4.480554969999999
-6.248200000000001,4.714388689999997
-6.228200000000001,4.97235196
-6.2082,5.22901966
-6.1882,5.457930710000001
-6.168200000000001,5.65063619
-6.148200000000001,5.8074669299999995
-6.1282,5.931840220000001
-6.1082,6.027929550000001
-6.0882000000000005,6.085628119999999
-6.068200000000001,6.086306460000003
-6.0482,6.022098569999997
-6.0282,5.8939447000000005
-6.0082,5.718313470000006
-5.988200000000001,5.530388379999999
-5.9681999999999995,5.36282226
-5.9482,5.243118940000001
-5.9282,5.1852343900000015
-5.908200000000001,5.1952839799999975
-5.888200000000001,5.261462459999999
-5.8682,5.384696049999998
-5.8482,5.556045429999998
-5.828200000000001,5.776105770000001
-5.808200000000001,6.04969454
-5.7882,6.373837199999994
-5.7682,6.727186769999997
-5.748200000000001,7.082446809999999
-5.728200000000001,7.397374729999996
-5.7082,7.64334364
-5.6882,7.802338059999998
-5.668200000000001,7.872526899999999
-5.648200000000001,7.876425000000002
-5.6282,7.841502800000004
-5.6082,7.785304400000001
-5.5882000000000005,7.735561200000003
-5.568200000000001,7.709406899999997
-5.5482,7.7216340999999975
-5.5282,7.7875418000000005
-5.5082,7.904361600000008
-5.488200000000001,8.058759800000002
-5.4681999999999995,8.230601099999996
-5.4482,8.393814899999999
-5.4282,8.528015800000004
-5.408200000000001,8.633832400000005
-5.388200000000001,8.708562600000002
-5.3682,8.771845800000003
-5.3482,8.826391300000001
-5.328200000000001,8.873014300000008
-5.308200000000001,8.907387900000003
-5.2882,8.932628100000011
-5.2682,8.953883000000001
-5.248200000000001,8.992592300000004
-5.228200000000001,9.060939800000002
-5.2082,9.1653057
-5.1882,9.288194099999998
-5.168200000000001,9.397831499999992
-5.148200000000001,9.458939399999997
-5.1282,9.446135700000003
-5.1082,9.362872200000002
-5.0882000000000005,9.236092000000003
-5.068200000000001,9.138004500000005
-5.0482,9.123624
-5.0282,9.252077700000006
-5.0082,9.534954199999998
-4.988200000000001,9.946568300000013
-4.9681999999999995,10.439118320000004
-4.9482,10.928160280000007
-4.9282,11.347066000000012
-4.908200000000001,11.650208799999993
-4.888200000000001,11.8125303
-4.8682,11.893139400000003
-4.8482,11.964998000000003
-4.828200000000001,12.120708499999996
-4.808200000000001,12.453865800000004
-4.7882,13.001822200000007
-4.7682,13.755892499999998
-4.748200000000001,14.645121999999988
-4.728200000000001,15.557234800000007
-4.7082,16.389969099999988
-4.6882,17.07307340000001
-4.668200000000001,17.55955399999999
-4.648200000000001,17.878242199999992
-4.6282,18.07099320000001
-4.6082,18.154075099999986
-4.5882000000000005,18.159833399999986
-4.568200000000001,18.10439599999999
-4.5482,17.9965918
-4.5282,17.81066170000001
-4.5082,17.563782300000003
-4.488200000000001,17.25830099999999
-4.4681999999999995,16.915519999999994
-4.4482,16.559197200000003
-4.4282,16.242367600000005
-4.408200000000001,16.02802290000001
-4.388200000000001,15.9667754
-4.3682,16.100650400000003
-4.3482,16.418950499999994
-4.328200000000001,16.870200900000004
-4.308200000000001,17.36638229999999
-4.2882,17.818749500000017
-4.2682,18.1491153
-4.248200000000001,18.370840899999994
-4.228200000000001,18.5121489
-4.2082,18.66441930000001
-4.1882,18.899131900000018
-4.168200000000001,19.25920189999999
-4.148200000000001,19.74008170000001
-4.1282,20.316050899999986
-4.1082,20.911665099999993
-4.0882000000000005,21.478789899999985
-4.068200000000001,21.967656199999997
-4.0482,22.357848099999973
-4.0282,22.65901330000001
-4.0082,22.878850199999995
-3.988200000000001,23.055545500000015
-3.9681999999999995,23.230185599999984
-3.9482,23.445654800000007
-3.9282000000000004,23.744706900000008
-3.908200000000001,24.134052900000004
-3.888200000000001,24.614950699999998
-3.8682,25.177362300000002
-3.8482000000000003,25.77526209999998
-3.8282000000000007,26.366618500000005
-3.808200000000001,26.9107487
-3.7882,27.368345000000016
-3.7682,27.751672699999965
-3.7482000000000006,28.049049000000004
-3.728200000000001,28.31434100000001
-3.7081999999999997,28.581821800000004
-3.6882,28.912138000000002
-3.6682000000000006,29.2867864
-3.648200000000001,29.652070000000002
-3.6281999999999996,29.913311300000014
-3.6082,30.00014160000002
-3.5882000000000005,29.8324059
-3.568200000000001,29.418618199999983
-3.5481999999999996,28.866765200000025
-3.5282,28.331377400000008
-3.5082000000000004,27.90363470000002
-3.488200000000001,27.7016345
-3.4681999999999995,27.767617399999985
-3.4482,28.045716599999988
-3.4282000000000004,28.464882899999992
-3.408200000000001,28.9170259
-3.388200000000001,29.33672380000001
-3.3682,29.6722156
-3.3482000000000003,29.905223600000003
-3.3282000000000007,30.0635491
-3.308200000000001,30.1502623
-3.2882,30.227508800000013
-3.2682,30.310176600000002
-3.2482000000000006,30.458658700000026
-3.228200000000001,30.706851799999995
-3.2081999999999997,31.075791800000015
-3.1882,31.551923599999988
-3.1682000000000006,32.119106400000014
-3.148200000000001,32.715317100000014
-3.1281999999999996,33.270096999999986
-3.1082,33.72726269999999
-3.0882000000000005,34.070909799999974
-3.068200000000001,34.250301799999995
-3.0481999999999996,34.25086489999997
-3.0282,34.0951413
-3.0082000000000004,33.788299800000026
-2.988200000000001,33.37422500000001
-2.9681999999999995,32.923872
-2.9482,32.536064999999994
-2.9282000000000004,32.304125999999954
-2.908200000000001,32.29371799999999
-2.888200000000001,32.568944
-2.8682,33.06797000000001
-2.8482000000000003,33.724215999999984
-2.8282000000000007,34.457679000000034
-2.808200000000001,35.193383999999995
-2.7882,35.88302500000001
-2.7682,36.50549500000002
-2.7482000000000006,37.10667200000002
-2.728200000000001,37.69017199999999
-2.7081999999999997,38.22576800000004
-2.6882,38.72448100000001
-2.6682000000000006,39.15823599999998
-2.648200000000001,39.502555999999984
-2.6281999999999996,39.774256
-2.6082,40.00486900000001
-2.5882000000000005,40.22947600000001
-2.568200000000001,40.482507000000005
-2.5481999999999996,40.785424
-2.5282,41.133448000000016
-2.5082000000000004,41.520507000000016
-2.488200000000001,41.888104
-2.4681999999999995,42.17209299999997
-2.4482,42.37319000000001
-2.4282000000000004,42.469469000000004
-2.408200000000001,42.48360999999999
-2.388200000000001,42.44746399999997
-2.3682000000000016,42.348957999999975
-2.348200000000002,42.212799999999994
-2.328199999999999,42.001523
-2.3081999999999994,41.690783999999994
-2.2882,41.27745600000002
-2.2682,40.74497110000001
-2.2482000000000006,40.1506172
-2.228200000000001,39.54239479999999
-2.2082000000000015,38.940026599999996
-2.188200000000002,38.35556800000001
-2.168199999999999,37.777981000000004
-2.148199999999999,37.18861799999997
-2.1281999999999996,36.58989899999998
-2.1082,35.982611999999996
-2.0882000000000005,35.407454999999985
-2.068200000000001,34.93627800000001
-2.0482000000000014,34.624642000000016
-2.028200000000002,34.56516399999999
-2.0081999999999987,34.816120999999974
-1.988199999999999,35.43029000000001
-1.9681999999999995,36.41870900000001
-1.9482,37.741002
-1.9282000000000004,39.289146999999964
-1.9082000000000008,40.93170999999999
-1.8882000000000012,42.54423200000004
-1.8682000000000016,44.000602
-1.848200000000002,45.239077000000044
-1.828199999999999,46.231843
-1.8081999999999994,46.985949000000005
-1.7881999999999998,47.50447999999998
-1.7682000000000002,47.81036700000003
-1.7482000000000006,47.857768999999976
-1.728200000000001,47.662441999999984
-1.7082000000000015,47.25117400000004
-1.688200000000002,46.62830600000002
-1.6681999999999988,45.82260800000004
-1.6481999999999992,44.87444000000002
-1.6281999999999996,43.82290999999999
-1.6082,42.697787
-1.5882000000000005,41.57545200000001
-1.568200000000001,40.514019999999995
-1.5482000000000014,39.622274000000004
-1.5282000000000018,38.93829200000001
-1.5081999999999987,38.505095000000026
-1.488199999999999,38.298677999999995
-1.4681999999999995,38.29403400000002
-1.4482,38.42745100000001
-1.4282000000000004,38.67893399999999
-1.4082000000000008,39.03984000000002
-1.3882000000000012,39.557833
-1.3682000000000016,40.25963199999998
-1.348200000000002,41.18374700000003
-1.328199999999999,42.29368600000005
-1.3081999999999994,43.50613599999999
-1.2881999999999998,44.714636000000034
-1.2682000000000002,45.85461899999997
-1.2482000000000006,46.871300999999995
-1.228200000000001,47.794659
-1.2082000000000015,48.68635300000002
-1.188200000000002,49.634920000000015
-1.1681999999999988,50.741784999999986
-1.1481999999999992,52.02465399999999
-1.1281999999999996,53.49152100000006
-1.1082,55.116626000000025
-1.0882000000000005,56.855847000000026
-1.068200000000001,58.64216799999995
-1.0482000000000014,60.45298699999997
-1.0282000000000018,62.232168000000044
-1.0081999999999987,63.96463800000003
-0.9881999999999991,65.60909799999996
-0.9681999999999995,67.10588879999999
-0.9481999999999999,68.37655849999999
-0.9282000000000004,69.29602309999994
-0.9082000000000008,69.89360090000001
-0.8882000000000012,70.12303820000005
-0.8682000000000016,70.0761564
-0.8482000000000021,69.8998123
-0.8281999999999989,69.72688380000001
-0.8081999999999994,69.67365219999996
-0.7881999999999998,69.77735549999998
-0.7682000000000002,69.95057970000003
-0.7482000000000006,70.09342769999996
-0.7282000000000011,70.06444460000002
-0.7082000000000015,69.81905849999997
-0.6882000000000019,69.30819629999998
-0.6681999999999988,68.62591640000002
-0.6481999999999992,68.00444869999995
-0.6281999999999996,67.56378799999993
-0.6082000000000001,67.43686629999996
-0.5882000000000005,67.71161839999994
-0.5682000000000009,68.2805843
-0.5482000000000014,69.02583119999997
-0.5282000000000018,69.76357999999998
-0.5081999999999987,70.41683499999995
-0.4881999999999991,70.84468899999997
-0.4681999999999995,71.18500099999999
-0.44819999999999993,71.45198330000002
-0.42820000000000036,71.78633610000003
-0.4082000000000008,72.26688260000003
-0.3882000000000012,72.9824978
-0.36820000000000164,73.88435299999998
-0.34820000000000206,74.99360399999998
-0.32819999999999894,76.24480340000005
-0.30819999999999936,77.61998030000004
-0.2881999999999998,79.10259660000003
-0.2682000000000002,80.66281590000001
-0.24820000000000064,82.30660169999993
-0.22820000000000107,84.0693756
-0.2082000000000015,85.95791410000002
-0.18820000000000192,87.99118030000001
-0.1681999999999988,90.10676450000003
-0.14819999999999922,92.31453120000002
-0.12819999999999965,94.41876430000008
-0.10820000000000007,96.29007579999994
-0.0882000000000005,97.84511709999997
-0.06820000000000093,98.81794130000002
-0.04820000000000135,99.1404386
-0.02820000000000178,98.57781080000005
-0.008199999999998653,97.29141480000001
0.01180000000000092,95.04549039999996
0.031800000000000495,91.92377009999993
0.05180000000000007,87.96755590000001
0.07179999999999964,83.32882239999995
0.09179999999999922,78.10017059999998
0.11179999999999879,72.5550388
0.13179999999999836,66.8605946
0.15179999999999794,61.25183030000001
0.17180000000000106,55.95359130000001
0.19180000000000064,51.09216720000003
0.2118000000000002,46.81298109999999
0.23179999999999978,43.174291700000026
0.25179999999999936,40.18698279999997
0.27179999999999893,37.79314630000006
0.2917999999999985,35.9083186
0.3117999999999981,34.415506000000015
0.3318000000000012,33.213688000000026
0.3518000000000008,32.21735849999998
0.37180000000000035,31.352337900000013
0.3917999999999999,30.618672099999994
0.4117999999999995,29.97243479999999
0.4317999999999991,29.423250900000003
0.45179999999999865,28.9262434
0.4717999999999982,28.48837390000001
0.49180000000000135,28.081087800000006
0.5118000000000009,27.68594760000002
0.5318000000000005,27.32230749999999
0.5518000000000001,26.99400259999999
0.5717999999999996,26.713545999999983
0.5917999999999992,26.4612034
0.6117999999999988,26.189009000000002
0.6317999999999984,25.8187878
0.6517999999999979,25.27765400000001
0.6718000000000011,24.520857299999996
0.6918000000000006,23.5581436
0.7118000000000002,22.445966800000022
0.7317999999999998,21.30919100000001
0.7517999999999994,20.267507199999994
0.7717999999999989,19.4562672
0.7917999999999985,18.9418264
0.8117999999999981,18.75338679999999
0.8318000000000012,18.83952459999999
0.8518000000000008,19.09818019999999
0.8718000000000004,19.412263200000005
0.8917999999999999,19.642338600000006
0.9117999999999995,19.718137899999995
0.9317999999999991,19.60000729999999
0.9517999999999986,19.322374600000014
0.9717999999999982,18.9565768
0.9918000000000013,18.5997237
1.011800000000001,18.313221600000006
1.0318000000000005,18.139218699999994
1.0518,18.08413499999999
1.0717999999999996,18.09330590000001
1.0917999999999992,18.137935600000002
1.1117999999999988,18.14327569999999
1.1317999999999984,18.09388919999999
1.151799999999998,17.985017399999983
1.171800000000001,17.809091500000005
1.1918000000000006,17.57377810000001
1.2118000000000002,17.2453092
1.2317999999999998,16.802395500000006
1.2517999999999994,16.212416899999997
1.271799999999999,15.482015299999995
1.2917999999999985,14.657022600000001
1.311799999999998,13.840969999999999
1.3318000000000012,13.127140599999995
1.3518000000000008,12.624294899999999
1.3718000000000004,12.368851500000002
1.3918,12.360653500000003
1.4117999999999995,12.524277999999992
1.431799999999999,12.772938100000005
1.4517999999999986,13.002455499999993
1.4717999999999982,13.126634600000004
1.4918000000000013,13.109338100000006
1.511800000000001,12.945215099999999
1.5318000000000005,12.660998000000003
1.5518,12.295381100000002
1.5717999999999996,11.894595000000002
1.5917999999999992,11.491014200000004
1.6117999999999988,11.123649700000001
1.6317999999999984,10.807802999999991
1.651799999999998,10.559669600000003
1.671800000000001,10.386357100000005
1.6918000000000006,10.268690800000002
1.7118000000000002,10.2069832
1.7317999999999998,10.197723899999994
1.7517999999999994,10.251180000000005
1.771799999999999,10.398496900000003
1.7917999999999985,10.656813799999993
1.811799999999998,11.031443399999993
1.8318000000000012,11.494032900000002
1.8518000000000008,11.988751699999998
1.8718000000000004,12.46264
1.8918,12.866572199999993
1.9117999999999995,13.198746800000004
1.931799999999999,13.489932300000007
1.9517999999999986,13.764095800000009
1.9717999999999982,14.0349124
1.9918000000000013,14.281785000000006
2.011800000000001,14.461138400000006
2.0318000000000005,14.496129100000013
2.0518,14.3360642
2.0717999999999996,13.962633799999999
2.091799999999999,13.401779399999999
2.111799999999999,12.729406200000009
2.1317999999999984,12.032060100000006
2.151799999999998,11.3998974
2.171800000000001,10.892964199999998
2.1918000000000006,10.533381000000007
2.2118,10.313887000000001
2.2318,10.211953600000005
2.2517999999999994,10.207046100000003
2.271799999999999,10.278049600000003
2.2917999999999985,10.411343600000004
2.311799999999998,10.584351600000005
2.331800000000001,10.7597877
2.351800000000001,10.8901126
2.3718000000000004,10.924322499999997
2.3918,10.835909
2.4117999999999995,10.637982099999995
2.431799999999999,10.377212699999996
2.4517999999999986,10.127936899999993
2.471799999999998,9.949445100000007
2.4918000000000013,9.866538000000002
2.511800000000001,9.8516713
2.5318000000000005,9.844639300000003
2.5518,9.790246100000003
2.5717999999999996,9.658463099999992
2.591799999999999,9.452822300000001
2.611799999999999,9.2007014
2.6317999999999984,8.962543399999996
2.651799999999998,8.787126800000003
2.671800000000001,8.695691999999998
2.6918000000000006,8.693132800000003
2.7118,8.7563916
2.7318,8.851559400000003
2.7517999999999994,8.931560900000001
2.771799999999999,8.9644527
2.7917999999999985,8.931975999999999
2.811799999999998,8.832586000000008
2.831800000000001,8.6807151
2.851800000000001,8.498421199999997
2.8718000000000004,8.325660099999993
2.8918,8.210213099999995
2.9117999999999995,8.177642900000006
2.931799999999999,8.241126700000002
2.9517999999999986,8.365037699999993
2.971799999999998,8.520700000000009
2.9918000000000013,8.657644000000003
3.011800000000001,8.761435899999999
3.0318000000000005,8.841265700000005
3.0518,8.915107300000003
3.0717999999999996,9.014345500000006
3.091799999999999,9.155043000000012
3.111799999999999,9.3210625
3.1317999999999984,9.480445799999998
3.151799999999998,9.593287599999998
3.171800000000001,9.622657299999991
3.1918000000000006,9.545659099999991
3.2118,9.3743188
3.2318,9.144369700000006
3.2517999999999994,8.913504400000003
3.271799999999999,8.7543791
3.2917999999999985,8.704629500000006
3.311799999999998,8.766121900000003
3.331800000000001,8.903415499999994
3.351800000000001,9.041814300000008
3.3718000000000004,9.113620700000007
3.3918,9.076720700000001
3.4117999999999995,8.917136
3.431799999999999,8.673308900000004
3.4517999999999986,8.391593699999994
3.471799999999998,8.128283199999997
3.4918000000000013,7.939582099999999
3.511800000000001,7.8518828
3.5318000000000005,7.884246600000007
3.5518,8.018377630000002
3.5717999999999996,8.215035100000007
3.591799999999999,8.428358500000002
3.611799999999999,8.612154700000005
3.6317999999999984,8.750566799999998
3.651799999999998,8.831499700000002
3.671800000000001,8.8755828
3.6918000000000006,8.892654499999994
3.7118,8.872047199999995
3.7318,8.786338700000002
3.7517999999999994,8.610003399999997
3.771799999999999,8.321103899999995
3.7917999999999985,7.9332166000000015
3.811799999999998,7.484134400000002
3.831800000000001,7.016314000000003
3.851800000000001,6.566000409999997
3.8718000000000004,6.162945530000001
3.8918,5.829105720000008
3.9117999999999995,5.592803790000003
3.931799999999999,5.492750199999995
3.9517999999999986,5.57593637
3.971799999999998,5.876196490000003
3.9918000000000013,6.39536806
4.011800000000001,7.074027939999998
4.0318000000000005,7.81474897
4.0518,8.482722880000004
4.0718,8.960330320000008
4.091799999999999,9.161662929999997
4.111799999999999,9.098935490000004
4.131799999999998,8.827402750000003
4.151799999999998,8.482902900000003
4.171800000000001,8.188268530000002
4.191800000000001,8.06650383
4.2118,8.161170190000004
4.2318,8.468860500000007
4.251799999999999,8.910501699999996
4.271799999999999,9.378503299999998
4.2917999999999985,9.759975900000004
4.311799999999998,9.952921299999995
4.331800000000001,9.911359000000006
4.351800000000001,9.615719200000006
4.3718,9.089226300000002
4.3918,8.378209200000002
4.4117999999999995,7.5241767999999976
4.431799999999999,6.598333099999996
4.451799999999999,5.674706199999999
4.471799999999998,4.837512570000001
4.491800000000001,4.164031930000001
4.511800000000001,3.719319500000002
4.5318000000000005,3.517182919999999
4.5518,3.5327577800000025
4.5718,3.696359510000001
4.591799999999999,3.9225272500000004
4.611799999999999,4.122111300000002
4.631799999999998,4.228866550000005
4.651799999999998,4.2143313399999975
4.671800000000001,4.075709769999996
4.691800000000001,3.8557167099999985
4.7118,3.6183188900000016
4.7318,3.4314334499999997
4.751799999999999,3.36131671
4.771799999999999,3.4494016699999976
4.7917999999999985,3.7110575500000023
4.811799999999998,4.13241465
4.831800000000001,4.678010560000001
4.851800000000001,5.29417445
4.8718,5.909098510000003
4.8918,6.455176480000002
4.9117999999999995,6.855072199999999
4.931799999999999,7.066835140000001
4.951799999999999,7.072715869999999
4.971799999999998,6.887742940000002
4.991800000000001,6.558918069999998
5.011800000000001,6.1388014700000015
5.0318000000000005,5.689140399999999
5.0518,5.250902450000004
5.0718,4.846563279999999
5.091799999999999,4.485277900000001
5.111799999999999,4.155287640000003
5.131799999999998,3.845817299999999
5.151799999999998,3.5455414900000006
5.171800000000001,3.2571404200000007
5.191800000000001,2.991121509999996
5.2118,2.76877388
5.2318,2.6134288699999986
5.251799999999999,2.5424208199999985
5.271799999999999,2.570373759999998
5.2917999999999985,2.707862629999999
5.311799999999998,2.9673765600000026
5.331800000000001,3.3598771799999967
5.351800000000001,3.8982724600000025
5.3718,4.5769606000000005
5.3918,5.370790000000001
5.4117999999999995,6.226357830000002
5.431799999999999,7.057391500000001
5.451799999999999,7.762507899999998
5.471799999999998,8.2393463
5.491800000000001,8.4329832
5.511800000000001,8.338648699999998
5.5318000000000005,8.0074093
5.5518,7.5445575
5.5718,7.087458279999999
5.591799999999999,6.7380647499999995
5.611799999999999,6.554685400000001
5.631799999999998,6.5272788499999965
5.651799999999998,6.589574329999995
5.671800000000001,6.650653449999998
5.691800000000001,6.632678149999998
5.7118,6.490149730000001
5.7318,6.223394469999996
5.751799999999999,5.869462920000003
5.771799999999999,5.487755280000001
5.7917999999999985,5.131300550000005
5.811799999999998,4.85345142
5.831800000000001,4.690799910000001
5.851800000000001,4.673754679999999
5.8718,4.820246229999997
5.8918,5.130016920000004
5.9117999999999995,5.584457479999999
5.931799999999999,6.130832299999998
5.951799999999999,6.6947306000000015
5.971799999999998,7.186152400000002
5.991800000000001,7.526001600000005
6.011800000000001,7.663469300000001
6.0318000000000005,7.593780000000007
6.0518,7.3531769
6.0718,7.006225410000002
6.091799999999999,6.627130330000005
6.111799999999999,6.291919619999997
6.131799999999998,6.058251180000003
6.151799999999998,5.9683787399999995
6.171800000000001,6.04022245
6.191800000000001,6.256940339999995
6.2118,6.591573879999996
6.2318,6.993851010000001
6.251799999999999,7.414848859999997
6.271799999999999,7.805742170000007
6.2917999999999985,8.141014730000007
6.311799999999998,8.404424100000005
6.331800000000001,8.600412899999993
6.351800000000001,8.736339600000004
6.3718,8.824268499999993
6.3918,8.86740400000001
6.4117999999999995,8.865811500000001
6.431799999999999,8.841171600000003
6.451799999999999,8.8001846
6.471799999999998,8.7817771
6.491800000000001,8.785897800000003
6.511800000000001,8.808881699999999
6.5318000000000005,8.81890304
6.5518,8.796227799999995
6.5718,8.726201999999999
6.591799999999999,8.609997300000003
6.611799999999999,8.477820999999995
6.631799999999998,8.348960900000002
6.651799999999998,8.2339228
6.671800000000001,8.124781300000002
6.691800000000001,8.002853400000001
6.7118,7.8429718000000035
6.7318,7.6391239
6.751799999999999,7.407838500000006
6.771799999999999,7.174371599999993
6.7917999999999985,6.962324799999997
6.811799999999998,6.797716600000001
6.831800000000001,6.684813700000001
6.851800000000001,6.631997099999998
6.8718,6.629619359999998
6.8918,6.671294279999995
6.9117999999999995,6.747816110000001
6.931799999999999,6.851018219999997
6.951799999999999,6.9757579399999985
6.971799999999998,7.129061129999997
6.991800000000001,7.3156523
7.011800000000001,7.536944100000002
7.0318000000000005,7.7834419
7.0518,8.036449000000001
7.0718,8.2573489
7.091799999999999,8.399170000000007
7.111799999999999,8.434657599999996
7.131799999999998,8.366499000000005
7.151799999999998,8.224940700000003
7.171800000000001,8.069126960000007
7.191800000000001,7.952339199999995
7.2118,7.907856510000004
7.2318,7.922219900000005
7.251799999999999,7.9715275000000005
7.271799999999999,8.018025699999997
7.2917999999999985,8.032175500000003
7.311799999999998,8.005190500000003
7.331800000000001,7.921100800000005
7.351800000000001,7.7737636999999955
7.3718,7.551718600000003
7.3918,7.252855310000002
7.4117999999999995,6.887446330000002
7.431799999999999,6.481915189999997
7.451799999999999,6.078789640000002
7.471799999999998,5.712976480000003
7.491800000000001,5.416560070000002
7.511800000000001,5.187589500000002
7.5318000000000005,4.997390690000004
7.5518,4.79378438
7.5718,4.52785403
7.591799999999999,4.1591114099999995
7.611799999999999,3.686757519999998
7.631799999999998,3.148737281000001
7.651799999999998,2.6041839020000004
7.671800000000001,2.119639527999998
7.691800000000001,1.7377801879999997
7.7118,1.4662057480000004
7.7318,1.283289085999999
7.751799999999999,1.1480154389999997
7.771799999999999,1.0209040709000008
7.7917999999999985,0.8784193526000008
7.811799999999998,0.7168317294999996
7.831800000000001,0.5481695636999994
7.851800000000001,0.38976228630000015
7.8718,0.2569132545200002
7.8918,0.1568280152900001
7.9117999999999995,0.08839165948399996
7.931799999999999,0.046004681776
7.951799999999999,0.022119120386300005
7.971799999999998,0.009817256335200003
7.991800000000001,0.004023281197449999
8.011800000000001,0.0015221553317399993
8.0318,0.0005317569514359998
8.0518,0.00017137456057399986
8.0718,0.00005099602501229998
