-38.428200000000004,0.0011693313955899996
-38.4082,0.0022124922728999985
-38.3882,0.003859671495999998
-38.3682,0.006220708659800004
-38.348200000000006,0.009252571078500003
-38.328199999999995,0.012702571619000002
-38.3082,0.016103311535
-38.2882,0.018834027077999988
-38.2682,0.020345566183999998
-38.2482,0.020281514465999982
-38.2282,0.018669849404000002
-38.208200000000005,0.015867659711
-38.1882,0.012446201282100004
-38.1682,0.0090110807728
-38.1482,0.006020670056899998
-38.1282,0.003715495794699998
-38.1082,0.002116140387100001
-38.0882,0.0011127426830699995
-38.068200000000004,0.0005393256186200003
-38.0482,0.00024190389456
-38.0282,0.00009997317410699999
-38.0082,0.00003819618293399999
-37.9882,0.0000134492416642
-37.968199999999996,0.000004381250527
-37.9482,0.00000131491663889
-37.928200000000004,3.643604915199999e-7
-37.9082,9.328823670900003e-8
-37.8882,2.2022423221999993e-8
-37.8682,4.7993248785999995e-9
-37.848200000000006,9.671454704300001e-10
-37.828199999999995,1.7971162975000006e-10
-37.8082,3.083224104600002e-11
-37.7882,4.876399225300005e-12
-37.7682,7.136461589100003e-13
-37.7482,0
-37.7282,0
-37.708200000000005,0
-37.6882,0
-37.6682,0
-37.6482,0
-37.6282,0
-37.6082,0
-37.5882,0
-37.568200000000004,0
-37.5482,0
-37.5282,0
-37.5082,0
-37.4882,0
-37.468199999999996,0
-37.4482,0
-37.428200000000004,0
-37.4082,0
-37.3882,0
-37.3682,0
-37.348200000000006,0
-37.328199999999995,0
-37.3082,0
-37.2882,0
-37.2682,0
-37.2482,0
-37.2282,0
-37.208200000000005,0
-37.1882,0
-37.1682,0
-37.1482,0
-37.1282,0
-37.1082,0
-37.0882,0
-37.068200000000004,0
-37.0482,0
-37.0282,0
-37.0082,0
-36.9882,0
-36.968199999999996,0
-36.9482,0
-36.928200000000004,0
-36.9082,0
-36.8882,0
-36.8682,2.7298394799999987e-12
-36.848200000000006,1.8986172100000004e-11
-36.828199999999995,1.2194163770000002e-10
-36.8082,7.225429820000006e-10
-36.7882,3.96293522e-9
-36.7682,2.0042510400000016e-8
-36.7482,9.369551370000003e-8
-36.7282,4.048191959999998e-7
-36.708200000000005,0.0000016115971700000005
-36.6882,0.0000059401263600000025
-36.6682,0.000020202748299999995
-36.6482,0.00006349881840000003
-36.6282,0.00018431494900000001
-36.6082,0.000494022513
-36.5882,0.0012246634
-36.568200000000004,0.0028023790699999995
-36.5482,0.005928799680000004
-36.5282,0.011585078500000002
-36.5082,0.02088729920000001
-36.4882,0.034804572500000006
-36.468199999999996,0.053635750199999985
-36.4482,0.07636321440000009
-36.428200000000004,0.10032510569999997
-36.4082,0.12188154699999999
-36.3882,0.13684066400000006
-36.3682,0.14205350599999994
-36.348200000000006,0.136351142
-36.328199999999995,0.12141178139999995
-36.3082,0.10063835299999999
-36.2882,0.07849056540000006
-36.2682,0.05891234789999996
-36.2482,0.04443505910000003
-36.2282,0.03578756220000002
-36.208200000000005,0.0321314499
-36.1882,0.03161816926
-36.1682,0.032309195000000006
-36.1482,0.03259040963000001
-36.1282,0.031624053689999966
-36.1082,0.02950076886000001
-36.0882,0.027078737629999995
-36.068200000000004,0.025495195960000005
-36.0482,0.02585671869000001
-36.0282,0.02879204562
-36.0082,0.03429945289999999
-35.9882,0.0418496962
-35.968199999999996,0.05080167339999999
-35.9482,0.060596304000000004
-35.928200000000004,0.07143127290000004
-35.9082,0.08403100770000005
-35.8882,0.09925347129999999
-35.8682,0.1176247483
-35.848200000000006,0.13814097579999998
-35.828199999999995,0.15882972120000002
-35.8082,0.17643306673000006
-35.7882,0.1880289719
-35.7682,0.19264090580000004
-35.7482,0.19163381200000001
-35.7282,0.18943541039999998
-35.708200000000005,0.1902783422999999
-35.6882,0.19755116779999995
-35.6682,0.2119176279999999
-35.6482,0.229821713
-35.6282,0.2455891239999999
-35.6082,0.25471259699999993
-35.5882,0.25422487499999996
-35.568200000000004,0.244872327
-35.5482,0.230693619
-35.5282,0.21747787200000007
-35.5082,0.20976940700000002
-35.4882,0.21145205600000003
-35.468199999999996,0.222824743
-35.4482,0.24126566299999985
-35.428200000000004,0.2619998039999999
-35.4082,0.278540267
-35.3882,0.2861516589999999
-35.3682,0.2803771393
-35.348200000000006,0.26175892210000007
-35.328199999999995,0.23151725179999993
-35.3082,0.19462839759999992
-35.2882,0.15556896409999996
-35.2682,0.11890166690000002
-35.2482,0.08720908509999996
-35.2282,0.06166879073999999
-35.208200000000005,0.042584795370000005
-35.1882,0.029187672850000002
-35.1682,0.02058449937
-35.1482,0.015931973829999998
-35.1282,0.014385120370000008
-35.1082,0.015056524120000001
-35.0882,0.016955800760000004
-35.068200000000004,0.01918526576
-35.0482,0.020932599560000008
-35.0282,0.021756709800000003
-35.0082,0.021744334859999995
-34.9882,0.02156460888
-34.968199999999996,0.02218267287999999
-34.9482,0.024815339700000008
-34.928200000000004,0.030226173099999996
-34.9082,0.03858988420000001
-34.8882,0.04911445099999999
-34.8682,0.06009307980000001
-34.848200000000006,0.0694423905
-34.828199999999995,0.07489264120000003
-34.8082,0.07511388640000004
-34.7882,0.07011259369999999
-34.7682,0.0608203934
-34.7482,0.049143079299999996
-34.7282,0.037295296199999994
-34.708200000000005,0.026903537300000002
-34.6882,0.018896847890000013
-34.6682,0.01346814591
-34.6482,0.01026828226
-34.6282,0.00867047017
-34.6082,0.007957606811000002
-34.5882,0.007582823563000001
-34.568200000000004,0.007134255434999997
-34.5482,0.0064248138009999995
-34.5282,0.005434723265999996
-34.5082,0.0043027353435999985
-34.4882,0.0031525739749999997
-34.468199999999996,0.0021478709667
-34.4482,0.0013522049092
-34.428200000000004,0.0007875295295999991
-34.4082,0.00042359143423000006
-34.3882,0.00021017501665
-34.3682,0.00009635747401
-34.3482,0.000040855682836
-34.3282,0.000015948983700000004
-34.3082,0.000005762134256999998
-34.2882,0.0000019204317082999997
-34.2682,5.907573302699996e-7
-34.2482,1.6782556210999997e-7
-34.2282,4.398444935200001e-8
-34.2082,1.0641568763999998e-8
-34.1882,2.3777085057000007e-9
-34.1682,4.906466685300001e-10
-34.1482,9.336325822999993e-11
-34.1282,1.6416060762000002e-11
-34.1082,2.6622823869000012e-12
-34.0882,3.9846779212999995e-13
-34.068200000000004,5.5124568938e-14
-34.0482,0
-34.0282,0
-34.0082,0
-33.9882,0
-33.968199999999996,0
-33.9482,0
-33.928200000000004,0
-33.9082,0
-33.8882,0
-33.8682,0
-33.8482,0
-33.8282,0
-33.8082,0
-33.7882,0
-33.7682,0
-33.7482,0
-33.7282,0
-33.7082,0
-33.6882,0
-33.6682,0
-33.6482,0
-33.6282,0
-33.6082,0
-33.5882,0
-33.568200000000004,2.3734384743000003e-14
-33.5482,1.7340235188e-13
-33.5282,1.1714562768900007e-12
-33.5082,7.3018866453e-12
-33.4882,4.198252760300002e-11
-33.468199999999996,2.2272631681999994e-10
-33.4482,1.0915753797500003e-9
-33.428200000000004,4.9360912650000035e-9
-33.4082,2.064149445499998e-8
-33.3882,7.949692621799997e-8
-33.3682,2.8296633726e-7
-33.3482,9.293563784399998e-7
-33.3282,0.0000028204827115999988
-33.3082,0.000007886465704699996
-33.2882,0.000020399180213999996
-33.2682,0.000048569552520999997
-33.2482,0.00010714947571099996
-33.2282,0.00021782594026999996
-33.2082,0.0004085826314299999
-33.1882,0.0007078959381800001
-33.1682,0.0011322070973300005
-33.1482,0.0016711728038
-33.1282,0.0022759167397000016
-33.1082,0.0028631074996000004
-33.0882,0.003324475714
-33.068200000000004,0.0035639013390000003
-33.0482,0.0035271499225999975
-33.0282,0.0032208355415000002
-33.0082,0.0027158198890000007
-32.9882,0.002113465126399999
-32.968199999999996,0.0015198177817000004
-32.9482,0.0010074084335799998
-32.928200000000004,0.0006169142396199998
-32.9082,0.00034859515048999996
-32.8882,0.00018175733724000003
-32.8682,0.00008760844097199994
-32.8482,0.00003893587216699997
-32.8282,0.000015986995294999997
-32.8082,0.000006056973986800001
-32.7882,0.0000021169272398
-32.7682,6.833659608599997e-7
-32.7482,2.0383857304000006e-7
-32.7282,5.6105638656999984e-8
-32.7082,1.4230289981200008e-8
-32.6882,3.3376339323000006e-9
-32.6682,7.2238793373e-10
-32.6482,1.4435293761499993e-10
-32.6282,2.6590123531000008e-11
-32.6082,4.5283808612000015e-12
-32.5882,7.113031042200003e-13
-32.568200000000004,1.0320763980500001e-13
-32.5482,0
-32.5282,0
-32.5082,0
-32.4882,0
-32.468199999999996,0
-32.4482,0
-32.428200000000004,0
-32.4082,0
-32.3882,0
-32.3682,0
-32.3482,0
-32.3282,0
-32.3082,0
-32.2882,0
-32.2682,0
-32.2482,0
-32.2282,0
-32.2082,0
-32.1882,0
-32.1682,0
-32.1482,0
-32.1282,0
-32.1082,0
-32.0882,0
-32.068200000000004,0
-32.0482,0
-32.0282,0
-32.0082,0
-31.9882,0
-31.9682,0
-31.9482,0
-31.9282,0
-31.9082,0
-31.8882,0
-31.8682,0
-31.8482,0
-31.828200000000002,0
-31.8082,0
-31.7882,0
-31.7682,0
-31.7482,0
-31.7282,0
-31.708199999999998,0
-31.688200000000002,0
-31.6682,0
-31.648200000000003,0
-31.6282,0
-31.6082,0
-31.5882,0
-31.5682,0
-31.5482,0
-31.5282,0
-31.508200000000002,0
-31.4882,0
-31.4682,0
-31.4482,0
-31.4282,0
-31.4082,0
-31.3882,0
-31.3682,0
-31.3482,0
-31.328200000000002,0
-31.3082,0
-31.2882,0
-31.2682,0
-31.2482,0
-31.2282,0
-31.208199999999998,0
-31.188200000000002,0
-31.1682,0
-31.148200000000003,0
-31.1282,0
-31.1082,0
-31.0882,0
-31.0682,0
-31.0482,0
-31.0282,0
-31.008200000000002,0
-30.9882,0
-30.9682,0
-30.9482,0
-30.9282,0
-30.9082,0
-30.8882,0
-30.8682,0
-30.8482,0
-30.828200000000002,0
-30.8082,0
-30.7882,0
-30.7682,0
-30.7482,0
-30.7282,0
-30.708199999999998,0
-30.688200000000002,0
-30.6682,0
-30.648200000000003,0
-30.6282,0
-30.6082,0
-30.5882,0
-30.5682,0
-30.5482,0
-30.5282,0
-30.508200000000002,0
-30.4882,0
-30.4682,0
-30.4482,0
-30.4282,0
-30.4082,0
-30.3882,0
-30.3682,0
-30.3482,0
-30.328200000000002,0
-30.3082,0
-30.2882,0
-30.2682,0
-30.2482,0
-30.2282,0
-30.208199999999998,0
-30.188200000000002,0
-30.1682,0
-30.148200000000003,0
-30.1282,0
-30.1082,0
-30.0882,0
-30.0682,0
-30.0482,0
-30.0282,0
-30.008200000000002,0
-29.9882,0
-29.9682,0
-29.9482,0
-29.9282,0
-29.9082,0
-29.8882,0
-29.8682,0
-29.8482,0
-29.828200000000002,0
-29.8082,0
-29.7882,0
-29.7682,0
-29.7482,0
-29.7282,0
-29.708199999999998,0
-29.688200000000002,0
-29.6682,0
-29.648200000000003,0
-29.6282,0
-29.6082,0
-29.5882,0
-29.5682,0
-29.5482,0
-29.5282,0
-29.508200000000002,0
-29.4882,0
-29.4682,0
-29.4482,0
-29.4282,0
-29.4082,0
-29.3882,0
-29.3682,0
-29.3482,0
-29.328200000000002,0
-29.3082,0
-29.2882,0
-29.2682,0
-29.2482,0
-29.2282,0
-29.208199999999998,0
-29.188200000000002,0
-29.1682,0
-29.148200000000003,0
-29.1282,0
-29.1082,0
-29.0882,0
-29.0682,0
-29.0482,0
-29.0282,0
-29.008200000000002,0
-28.9882,0
-28.9682,0
-28.9482,0
-28.9282,0
-28.9082,0
-28.8882,0
-28.8682,0
-28.8482,0
-28.828200000000002,0
-28.8082,0
-28.7882,0
-28.7682,0
-28.7482,0
-28.7282,0
-28.708199999999998,0
-28.688200000000002,0
-28.6682,0
-28.648200000000003,0
-28.6282,0
-28.6082,0
-28.5882,0
-28.5682,0
-28.5482,0
-28.5282,0
-28.508200000000002,0
-28.4882,0
-28.4682,0
-28.4482,0
-28.4282,0
-28.4082,0
-28.3882,0
-28.3682,0
-28.3482,0
-28.328200000000002,0
-28.3082,0
-28.2882,0
-28.2682,0
-28.2482,0
-28.2282,0
-28.208199999999998,0
-28.188200000000002,0
-28.1682,0
-28.148200000000003,0
-28.1282,0
-28.1082,0
-28.0882,0
-28.0682,0
-28.0482,0
-28.0282,0
-28.008200000000002,0
-27.9882,0
-27.9682,0
-27.9482,0
-27.9282,0
-27.9082,0
-27.8882,0
-27.8682,0
-27.8482,0
-27.828200000000002,0
-27.8082,0
-27.7882,0
-27.7682,0
-27.7482,0
-27.7282,0
-27.708199999999998,0
-27.688200000000002,0
-27.6682,0
-27.648200000000003,0
-27.6282,0
-27.6082,0
-27.5882,0
-27.5682,0
-27.5482,0
-27.5282,0
-27.508200000000002,0
-27.4882,0
-27.4682,0
-27.4482,0
-27.4282,0
-27.4082,0
-27.3882,0
-27.3682,0
-27.3482,0
-27.328200000000002,0
-27.3082,0
-27.2882,0
-27.2682,0
-27.2482,0
-27.2282,0
-27.208199999999998,0
-27.188200000000002,0
-27.1682,0
-27.148200000000003,0
-27.1282,0
-27.1082,0
-27.0882,0
-27.0682,0
-27.0482,0
-27.0282,0
-27.008200000000002,0
-26.9882,0
-26.9682,0
-26.9482,0
-26.9282,0
-26.9082,0
-26.8882,0
-26.8682,0
-26.8482,0
-26.828200000000002,0
-26.8082,0
-26.7882,0
-26.7682,0
-26.7482,0
-26.7282,0
-26.708199999999998,0
-26.688200000000002,0
-26.6682,0
-26.648200000000003,0
-26.6282,0
-26.6082,0
-26.5882,0
-26.5682,0
-26.5482,0
-26.5282,0
-26.508200000000002,0
-26.4882,0
-26.4682,0
-26.4482,0
-26.4282,0
-26.4082,0
-26.3882,0
-26.3682,0
-26.3482,0
-26.328200000000002,0
-26.3082,0
-26.2882,0
-26.2682,0
-26.2482,0
-26.2282,0
-26.2082,0
-26.188200000000002,0
-26.1682,0
-26.1482,0
-26.1282,0
-26.1082,0
-26.0882,0
-26.0682,0
-26.0482,0
-26.0282,0
-26.008200000000002,0
-25.9882,0
-25.9682,0
-25.9482,0
-25.9282,0
-25.9082,0
-25.8882,0
-25.8682,0
-25.8482,0
-25.828200000000002,0
-25.8082,0
-25.7882,0
-25.7682,0
-25.7482,0
-25.7282,0
-25.7082,0
-25.688200000000002,0
-25.6682,0
-25.6482,0
-25.6282,0
-25.6082,0
-25.5882,0
-25.5682,0
-25.5482,0
-25.5282,0
-25.508200000000002,0
-25.4882,0
-25.4682,0
-25.4482,0
-25.4282,0
-25.4082,0
-25.3882,0
-25.3682,0
-25.3482,0
-25.328200000000002,0
-25.3082,0
-25.2882,0
-25.2682,0
-25.2482,0
-25.2282,0
-25.2082,0
-25.188200000000002,0
-25.1682,0
-25.1482,0
-25.1282,0
-25.1082,0
-25.0882,0
-25.0682,0
-25.0482,0
-25.0282,0
-25.008200000000002,0
-24.9882,0
-24.9682,0
-24.9482,0
-24.9282,0
-24.9082,0
-24.8882,0
-24.8682,0
-24.8482,0
-24.828200000000002,0
-24.8082,0
-24.7882,0
-24.7682,0
-24.7482,0
-24.7282,0
-24.7082,0
-24.688200000000002,0
-24.6682,0
-24.6482,0
-24.6282,0
-24.6082,0
-24.5882,0
-24.5682,0
-24.5482,0
-24.5282,0
-24.508200000000002,0
-24.4882,0
-24.4682,0
-24.4482,0
-24.4282,0
-24.4082,0
-24.3882,0
-24.3682,0
-24.3482,0
-24.328200000000002,0
-24.3082,0
-24.2882,0
-24.2682,0
-24.2482,0
-24.2282,0
-24.2082,0
-24.188200000000002,0
-24.1682,0
-24.1482,0
-24.1282,0
-24.1082,0
-24.0882,0
-24.0682,0
-24.0482,0
-24.0282,0
-24.008200000000002,0
-23.9882,0
-23.9682,0
-23.9482,0
-23.9282,0
-23.9082,0
-23.8882,0
-23.8682,0
-23.8482,0
-23.828200000000002,0
-23.8082,0
-23.7882,0
-23.7682,0
-23.7482,0
-23.7282,0
-23.7082,0
-23.688200000000002,0
-23.6682,0
-23.6482,0
-23.6282,0
-23.6082,0
-23.5882,0
-23.5682,0
-23.5482,0
-23.5282,0
-23.508200000000002,0
-23.4882,0
-23.4682,0
-23.4482,0
-23.4282,0
-23.4082,0
-23.3882,0
-23.3682,0
-23.3482,0
-23.328200000000002,0
-23.3082,0
-23.2882,0
-23.2682,0
-23.2482,0
-23.2282,0
-23.2082,0
-23.188200000000002,0
-23.1682,0
-23.1482,0
-23.1282,0
-23.1082,0
-23.0882,0
-23.0682,0
-23.0482,0
-23.0282,0
-23.008200000000002,0
-22.9882,0
-22.9682,0
-22.9482,0
-22.9282,0
-22.9082,0
-22.8882,0
-22.8682,0
-22.8482,0
-22.828200000000002,0
-22.8082,0
-22.7882,0
-22.7682,0
-22.7482,0
-22.7282,0
-22.7082,0
-22.688200000000002,0
-22.6682,0
-22.6482,0
-22.6282,0
-22.6082,0
-22.5882,0
-22.5682,0
-22.5482,0
-22.5282,0
-22.508200000000002,0
-22.4882,0
-22.4682,0
-22.4482,0
-22.4282,0
-22.4082,0
-22.3882,0
-22.3682,0
-22.3482,0
-22.3282,0
-22.3082,0
-22.2882,0
-22.2682,0
-22.2482,0
-22.2282,0
-22.2082,0
-22.188200000000002,0
-22.1682,0
-22.1482,0
-22.1282,0
-22.1082,0
-22.0882,0
-22.0682,0
-22.0482,0
-22.028200000000002,0
-22.008200000000002,0
-21.9882,0
-21.9682,0
-21.9482,0
-21.9282,0
-21.9082,0
-21.8882,0
-21.8682,0
-21.8482,0
-21.8282,0
-21.8082,0
-21.7882,0
-21.7682,0
-21.7482,0
-21.7282,0
-21.7082,0
-21.688200000000002,0
-21.6682,0
-21.6482,0
-21.6282,0
-21.6082,0
-21.5882,0
-21.5682,0
-21.5482,0
-21.528200000000002,0
-21.508200000000002,0
-21.4882,0
-21.4682,0
-21.4482,0
-21.4282,0
-21.4082,0
-21.3882,0
-21.3682,0
-21.3482,0
-21.3282,0
-21.3082,0
-21.2882,0
-21.2682,0
-21.2482,0
-21.2282,0
-21.2082,0
-21.188200000000002,0
-21.1682,0
-21.1482,0
-21.1282,0
-21.1082,0
-21.0882,0
-21.0682,0
-21.0482,0
-21.028200000000002,0
-21.008200000000002,0
-20.9882,0
-20.9682,0
-20.9482,0
-20.9282,0
-20.9082,0
-20.8882,0
-20.8682,0
-20.8482,0
-20.8282,0
-20.8082,0
-20.7882,0
-20.7682,0
-20.7482,0
-20.7282,0
-20.7082,0
-20.688200000000002,0
-20.6682,0
-20.6482,0
-20.6282,0
-20.6082,0
-20.5882,0
-20.5682,0
-20.5482,0
-20.528200000000002,0
-20.508200000000002,0
-20.4882,0
-20.4682,0
-20.4482,0
-20.4282,0
-20.4082,0
-20.3882,0
-20.3682,0
-20.3482,0
-20.3282,0
-20.3082,0
-20.2882,0
-20.2682,0
-20.2482,0
-20.2282,0
-20.2082,0
-20.188200000000002,0
-20.1682,0
-20.1482,0
-20.1282,0
-20.1082,0
-20.0882,0
-20.0682,0
-20.0482,0
-20.028200000000002,0
-20.008200000000002,0
-19.9882,0
-19.9682,0
-19.9482,0
-19.9282,0
-19.9082,0
-19.8882,0
-19.8682,0
-19.8482,0
-19.8282,0
-19.8082,0
-19.7882,0
-19.7682,0
-19.7482,0
-19.7282,0
-19.7082,0
-19.688200000000002,0
-19.6682,0
-19.6482,0
-19.6282,0
-19.6082,0
-19.5882,0
-19.5682,0
-19.5482,0
-19.528200000000002,0
-19.508200000000002,0
-19.4882,0
-19.4682,0
-19.4482,0
-19.4282,0
-19.4082,0
-19.3882,0
-19.3682,0
-19.348200000000002,0
-19.3282,0
-19.3082,0
-19.2882,0
-19.2682,0
-19.2482,0
-19.2282,0
-19.2082,0
-19.188200000000002,0
-19.1682,0
-19.1482,0
-19.1282,0
-19.1082,0
-19.0882,0
-19.0682,0
-19.0482,0
-19.028200000000002,0
-19.0082,0
-18.9882,0
-18.9682,0
-18.9482,0
-18.9282,0
-18.9082,0
-18.8882,0
-18.8682,0
-18.848200000000002,0
-18.8282,0
-18.8082,0
-18.7882,0
-18.7682,0
-18.7482,0
-18.7282,0
-18.7082,0
-18.688200000000002,0
-18.6682,0
-18.6482,0
-18.6282,0
-18.6082,0
-18.5882,0
-18.5682,0
-18.5482,0
-18.528200000000002,0
-18.5082,0
-18.4882,0
-18.4682,0
-18.4482,0
-18.4282,0
-18.4082,0
-18.3882,0
-18.3682,0
-18.348200000000002,0
-18.3282,0
-18.3082,0
-18.2882,0
-18.2682,0
-18.2482,0
-18.2282,0
-18.2082,0
-18.188200000000002,0
-18.1682,0
-18.1482,0
-18.1282,0
-18.1082,0
-18.0882,0
-18.0682,0
-18.0482,0
-18.028200000000002,0
-18.0082,0
-17.9882,0
-17.9682,0
-17.9482,0
-17.9282,0
-17.9082,0
-17.8882,0
-17.8682,0
-17.848200000000002,0
-17.8282,0
-17.8082,0
-17.7882,0
-17.7682,0
-17.7482,0
-17.7282,0
-17.7082,0
-17.688200000000002,0
-17.6682,0
-17.6482,0
-17.6282,0
-17.6082,0
-17.5882,0
-17.5682,0
-17.5482,0
-17.528200000000002,0
-17.5082,0
-17.4882,0
-17.4682,0
-17.4482,0
-17.4282,0
-17.4082,0
-17.3882,0
-17.3682,0
-17.3482,0
-17.3282,0
-17.3082,0
-17.2882,0
-17.2682,0
-17.2482,0
-17.2282,0
-17.2082,0
-17.188200000000002,0
-17.1682,0
-17.1482,0
-17.1282,0
-17.1082,0
-17.0882,0
-17.0682,0
-17.0482,0
-17.028200000000002,0
-17.008200000000002,0
-16.9882,0
-16.9682,0
-16.9482,0
-16.9282,0
-16.9082,0
-16.8882,0
-16.8682,0
-16.8482,0
-16.8282,0
-16.8082,0
-16.7882,0
-16.7682,0
-16.7482,0
-16.7282,0
-16.7082,0
-16.688200000000002,0
-16.6682,0
-16.6482,0
-16.6282,0
-16.6082,0
-16.5882,0
-16.5682,0
-16.5482,0
-16.528200000000002,0
-16.508200000000002,0
-16.4882,0
-16.4682,0
-16.4482,0
-16.4282,0
-16.4082,0
-16.3882,0
-16.3682,0
-16.3482,0
-16.3282,0
-16.3082,0
-16.2882,0
-16.2682,0
-16.2482,0
-16.2282,0
-16.2082,0
-16.188200000000002,0
-16.1682,0
-16.1482,0
-16.1282,0
-16.1082,0
-16.0882,0
-16.0682,0
-16.0482,0
-16.028200000000002,0
-16.008200000000002,0
-15.9882,0
-15.9682,0
-15.9482,0
-15.9282,0
-15.9082,0
-15.888200000000001,0
-15.8682,0
-15.8482,0
-15.8282,0
-15.8082,0
-15.7882,0
-15.7682,0
-15.7482,0
-15.728200000000001,0
-15.7082,0
-15.6882,0
-15.6682,0
-15.648200000000001,0
-15.6282,0
-15.6082,0
-15.5882,0
-15.568200000000001,0
-15.548200000000001,0
-15.5282,0
-15.5082,0
-15.4882,0
-15.4682,0
-15.4482,0
-15.4282,0
-15.4082,0
-15.388200000000001,0
-15.3682,0
-15.3482,0
-15.3282,0
-15.3082,0
-15.2882,0
-15.2682,0
-15.2482,0
-15.228200000000001,0
-15.2082,0
-15.1882,0
-15.1682,0
-15.148200000000001,0
-15.1282,0
-15.1082,0
-15.0882,0
-15.068200000000001,0
-15.048200000000001,0
-15.0282,0
-15.0082,0
-14.9882,0
-14.9682,0
-14.9482,0
-14.9282,0
-14.9082,0
-14.888200000000001,0
-14.8682,0
-14.8482,0
-14.8282,0
-14.8082,0
-14.7882,0
-14.7682,0
-14.7482,0
-14.728200000000001,0
-14.7082,0
-14.6882,0
-14.6682,0
-14.648200000000001,0
-14.6282,0
-14.6082,0
-14.5882,0
-14.568200000000001,0
-14.548200000000001,0
-14.5282,0
-14.5082,0
-14.4882,0
-14.4682,0
-14.4482,0
-14.4282,0
-14.4082,0
-14.388200000000001,0
-14.368200000000002,0
-14.3482,0
-14.3282,0
-14.3082,0
-14.2882,0
-14.2682,0
-14.2482,0
-14.228200000000001,0
-14.208200000000001,0
-14.1882,0
-14.1682,0
-14.1482,0
-14.1282,0
-14.1082,0
-14.0882,0
-14.068200000000001,0
-14.048200000000001,0
-14.0282,0
-14.0082,0
-13.988199999999999,0
-13.9682,0
-13.9482,0
-13.9282,0
-13.9082,0
-13.888200000000001,0
-13.868200000000002,0
-13.8482,0
-13.8282,0
-13.8082,0
-13.7882,0
-13.7682,0
-13.7482,0
-13.728200000000001,0
-13.708200000000001,0
-13.6882,0
-13.6682,0
-13.6482,0
-13.6282,0
-13.6082,0
-13.5882,0
-13.568200000000001,0
-13.548200000000001,0
-13.5282,0
-13.5082,0
-13.488199999999999,0
-13.4682,0
-13.4482,0
-13.4282,0
-13.4082,0
-13.388200000000001,0
-13.368200000000002,0
-13.3482,0
-13.3282,0
-13.3082,0
-13.2882,0
-13.2682,0
-13.2482,0
-13.228200000000001,0
-13.208200000000001,0
-13.1882,0
-13.1682,0
-13.1482,0
-13.1282,0
-13.1082,0
-13.0882,0
-13.068200000000001,0
-13.048200000000001,0
-13.0282,0
-13.0082,0
-12.988199999999999,0
-12.9682,0
-12.9482,0
-12.9282,0
-12.9082,0
-12.888200000000001,0
-12.868200000000002,0
-12.8482,0
-12.8282,0
-12.8082,0
-12.7882,0
-12.7682,0
-12.7482,0
-12.728200000000001,0
-12.708200000000001,0
-12.6882,0
-12.6682,0
-12.6482,0
-12.6282,0
-12.6082,0
-12.5882,0
-12.568200000000001,0
-12.548200000000001,0
-12.5282,0
-12.5082,0
-12.488199999999999,0
-12.4682,0
-12.4482,0
-12.4282,0
-12.4082,0
-12.388200000000001,0
-12.368200000000002,0
-12.3482,0
-12.3282,0
-12.3082,0
-12.2882,0
-12.2682,0
-12.2482,0
-12.228200000000001,0
-12.208200000000001,0
-12.1882,0
-12.1682,0
-12.1482,0
-12.1282,0
-12.1082,0
-12.0882,0
-12.068200000000001,0
-12.048200000000001,0
-12.0282,0
-12.0082,0
-11.988199999999999,0
-11.9682,0
-11.9482,0
-11.9282,0
-11.9082,0
-11.888200000000001,0
-11.868200000000002,0
-11.8482,0
-11.8282,0
-11.8082,0
-11.7882,0
-11.7682,0
-11.7482,0
-11.728200000000001,0
-11.708200000000001,0
-11.6882,0
-11.6682,0
-11.6482,0
-11.6282,0
-11.6082,0
-11.5882,0
-11.568200000000001,0
-11.548200000000001,0
-11.5282,0
-11.5082,0
-11.488199999999999,0
-11.4682,0
-11.4482,0
-11.4282,0
-11.4082,0
-11.388200000000001,0
-11.368200000000002,0
-11.3482,0
-11.3282,0
-11.3082,0
-11.2882,0
-11.2682,0
-11.2482,0
-11.228200000000001,0
-11.208200000000001,0
-11.1882,0
-11.1682,0
-11.1482,0
-11.1282,0
-11.1082,0
-11.0882,0
-11.068200000000001,0
-11.048200000000001,0
-11.0282,0
-11.0082,0
-10.988199999999999,0
-10.9682,0
-10.9482,0
-10.9282,0
-10.9082,0
-10.888200000000001,0
-10.868200000000002,0
-10.8482,0
-10.8282,0
-10.8082,0
-10.7882,0
-10.7682,0
-10.7482,0
-10.728200000000001,0
-10.708200000000001,0
-10.6882,0
-10.6682,0
-10.6482,0
-10.6282,0
-10.6082,0
-10.5882,0
-10.568200000000001,0
-10.548200000000001,0
-10.5282,0
-10.5082,0
-10.488199999999999,0
-10.4682,0
-10.4482,0
-10.4282,0
-10.4082,0
-10.388200000000001,0
-10.3682,0
-10.3482,0
-10.3282,0
-10.308200000000001,0
-10.2882,0
-10.2682,0
-10.2482,0
-10.228200000000001,0
-10.2082,0
-10.1882,0
-10.1682,0
-10.148200000000001,0
-10.1282,0
-10.1082,0
-10.0882,0
-10.068200000000001,0
-10.0482,0
-10.0282,0
-10.0082,0
-9.9882,0
-9.9682,0
-9.9482,0
-9.9282,0
-9.9082,0
-9.888200000000001,0
-9.8682,0
-9.8482,0
-9.8282,0
-9.808200000000001,0
-9.7882,0
-9.7682,0
-9.7482,0
-9.728200000000001,0
-9.7082,0
-9.6882,0
-9.6682,0
-9.648200000000001,0
-9.6282,0
-9.6082,0
-9.5882,0
-9.568200000000001,0
-9.5482,0
-9.5282,0
-9.5082,0
-9.4882,0
-9.4682,0
-9.4482,0
-9.4282,0
-9.4082,0
-9.388200000000001,0
-9.3682,0
-9.3482,0
-9.3282,0
-9.308200000000001,0
-9.2882,0
-9.2682,0
-9.2482,0
-9.228200000000001,0
-9.2082,0
-9.1882,0
-9.1682,0
-9.148200000000001,0
-9.1282,0
-9.1082,5.019257897e-12
-9.0882,3.5202506319999994e-11
-9.068200000000001,2.2783838269999996e-10
-9.0482,1.3606201787000004e-9
-9.0282,7.509145262999999e-9
-9.0082,3.824159055999999e-8
-8.9882,1.7982114180000005e-7
-8.9682,7.803716517999997e-7
-8.9482,0.000003124763651
-8.9282,0.000011548417064
-8.9082,0.000039460815909999975
-8.888200000000001,0.00012444195925999998
-8.8682,0.0003616909298000001
-8.8482,0.0009731048159999995
-8.8282,0.002411810539
-8.808200000000001,0.005526121668999999
-8.7882,0.011687612605999993
-8.7682,0.022869150419999998
-8.7482,0.04138704889999999
-8.728200000000001,0.06933551481
-8.7082,0.10771967950000005
-8.6882,0.15542654039999995
-8.6682,0.20929140699999998
-8.648200000000001,0.2647411739999999
-8.6282,0.3170158769999999
-8.6082,0.36369575099999996
-8.5882,0.40530571700000007
-8.568200000000001,0.446301904
-8.5482,0.49211997099999993
-8.5282,0.547263616
-8.5082,0.61512393
-8.4882,0.696727617
-8.4682,0.7913344160000001
-8.4482,0.8949264080000002
-8.4282,1.00412739
-8.4082,1.10696298
-8.388200000000001,1.1911343199999997
-8.3682,1.248250780000001
-8.3482,1.2678960000000001
-8.3282,1.2522571499999995
-8.308200000000001,1.2021871999999993
-8.2882,1.1286694199999998
-8.2682,1.0406747599999997
-8.2482,0.9497780900000002
-8.228200000000001,0.8665171499999997
-8.2082,0.7958344899999996
-8.1882,0.7440166999999996
-8.1682,0.7119825900000002
-8.148200000000001,0.6951162800000001
-8.1282,0.6877263199999996
-8.1082,0.6824891499999999
-8.0882,0.6741552900000002
-8.068200000000001,0.66051767
-8.0482,0.6410987999999999
-8.0282,0.6171865000000001
-8.0082,0.59139932
-7.988200000000001,0.5691338999999999
-7.9681999999999995,0.55581678
-7.9482,0.5590674600000001
-7.9282,0.5847347300000002
-7.908200000000001,0.6348240600000001
-7.888200000000001,0.7052745999999998
-7.8682,0.7860776299999999
-7.8482,0.86306964
-7.828200000000001,0.9232754
-7.808200000000001,0.9596260999999996
-7.7882,0.9711758
-7.7682,0.9630352999999999
-7.748200000000001,0.9421337999999998
-7.728200000000001,0.9158062
-7.7082,0.8895525
-7.6882,0.8661160699999999
-7.668200000000001,0.8470546400000004
-7.648200000000001,0.8355886499999999
-7.6282,0.8334807799999999
-7.6082,0.8448012699999996
-7.5882000000000005,0.8706705399999995
-7.568200000000001,0.9146205099999998
-7.5482,0.9761707599999999
-7.5282,1.0563911100000003
-7.5082,1.1498623200000002
-7.488200000000001,1.25019909
-7.4681999999999995,1.3527393399999994
-7.4482,1.44818
-7.4282,1.5354022
-7.408200000000001,1.6127586000000007
-7.388200000000001,1.6806626000000005
-7.3682,1.7341464999999998
-7.3482,1.7715112000000006
-7.328200000000001,1.7813503999999998
-7.308200000000001,1.7514892499999997
-7.2882,1.6829923600000003
-7.2682,1.57439518
-7.248200000000001,1.4400642500000003
-7.228200000000001,1.3012371200000006
-7.2082,1.1766507600000007
-7.1882,1.08387235
-7.168200000000001,1.0269545100000004
-7.148200000000001,1.0000827899999998
-7.1282,0.9874327600000002
-7.1082,0.9713569300000003
-7.0882000000000005,0.93730223
-7.068200000000001,0.8780017099999998
-7.0482,0.7947389199999998
-7.0282,0.69484686
-7.0082,0.5917126799999998
-6.988200000000001,0.5007009500000003
-6.9681999999999995,0.43737061000000005
-6.9482,0.41493070900000006
-6.9282,0.44304622400000004
-6.908200000000001,0.524549165
-6.888200000000001,0.655950438
-6.8682,0.8297450500000002
-6.8482,1.0343744900000003
-6.828200000000001,1.2559375200000005
-6.808200000000001,1.4754978699999997
-6.7882,1.6724417399999998
-6.7682,1.8209534900000008
-6.748200000000001,1.9044289199999997
-6.728200000000001,1.9155595700000003
-6.7082,1.8579487700000008
-6.6882,1.76031732
-6.668200000000001,1.6540036000000007
-6.648200000000001,1.5722266600000006
-6.6282,1.5366551399999997
-6.6082,1.55287246
-6.5882000000000005,1.61193033
-6.568200000000001,1.6918969100000003
-6.5482,1.7754779999999997
-6.5282,1.8466687999999998
-6.5082,1.8945814000000003
-6.488200000000001,1.9160208999999995
-6.4681999999999995,1.9161290000000002
-6.4482,1.9005113200000006
-6.4282,1.878253330000001
-6.408200000000001,1.85979667
-6.388200000000001,1.85456331
-6.3682,1.86899085
-6.3482,1.9042809899999997
-6.328200000000001,1.96504424
-6.308200000000001,2.0519352899999994
-6.2882,2.1633194799999997
-6.2682,2.2974427
-6.248200000000001,2.440720999999999
-6.228200000000001,2.5742341
-6.2082,2.681937100000001
-6.1882,2.7515259000000003
-6.168200000000001,2.7850326
-6.148200000000001,2.7921796
-6.1282,2.781697699999999
-6.1082,2.7672129
-6.0882000000000005,2.746346500000001
-6.068200000000001,2.7154939000000002
-6.0482,2.6622633000000007
-6.0282,2.586102100000001
-6.0082,2.4898046
-5.988200000000001,2.3838793999999996
-5.9681999999999995,2.2872133
-5.9482,2.211008700000001
-5.9282,2.1672249999999993
-5.908200000000001,2.1622731
-5.888200000000001,2.193174
-5.8682,2.2581053999999994
-5.8482,2.352543100000001
-5.828200000000001,2.4756191999999997
-5.808200000000001,2.6233685999999996
-5.7882,2.7939805000000004
-5.7682,2.9768771999999992
-5.748200000000001,3.157445099999999
-5.728200000000001,3.3175746999999993
-5.7082,3.4419396
-5.6882,3.516809000000001
-5.668200000000001,3.548903000000001
-5.648200000000001,3.5444960000000014
-5.6282,3.5097910000000003
-5.6082,3.463099000000001
-5.5882000000000005,3.409796000000001
-5.568200000000001,3.360903
-5.5482,3.3182879999999995
-5.5282,3.2910049999999993
-5.5082,3.2740959999999992
-5.488200000000001,3.266425
-5.4681999999999995,3.258894999999999
-5.4482,3.251675999999999
-5.4282,3.2447360000000014
-5.408200000000001,3.241241
-5.388200000000001,3.249644000000001
-5.3682,3.273205000000001
-5.3482,3.3133580000000014
-5.328200000000001,3.358813000000001
-5.308200000000001,3.404084000000001
-5.2882,3.4308930000000006
-5.2682,3.4370730000000003
-5.248200000000001,3.4198560000000007
-5.228200000000001,3.3888449999999994
-5.2082,3.345427000000001
-5.1882,3.3010740000000003
-5.168200000000001,3.252325
-5.148200000000001,3.2010539999999996
-5.1282,3.1482930000000007
-5.1082,3.098492999999999
-5.0882000000000005,3.0623399999999994
-5.068200000000001,3.0542890000000007
-5.0482,3.085739999999999
-5.0282,3.167725299999999
-5.0082,3.2902772000000016
-4.988200000000001,3.4477241000000003
-4.9681999999999995,3.611023099999999
-4.9482,3.7572782999999985
-4.9282,3.8572275
-4.908200000000001,3.8971787000000004
-4.888200000000001,3.8752484999999988
-4.8682,3.804725600000001
-4.8482,3.711363200000001
-4.828200000000001,3.6307271000000005
-4.808200000000001,3.5907160999999994
-4.7882,3.6145178
-4.7682,3.7050899999999998
-4.748200000000001,3.8515709000000014
-4.728200000000001,4.0346823
-4.7082,4.2342788
-4.6882,4.4324453
-4.668200000000001,4.6197734
-4.648200000000001,4.789075199999998
-4.6282,4.9405857000000015
-4.6082,5.064216100000001
-4.5882000000000005,5.166819599999999
-4.568200000000001,5.241276799999998
-4.5482,5.29777
-4.5282,5.345320000000001
-4.5082,5.392624000000002
-4.488200000000001,5.4461450000000005
-4.4681999999999995,5.507332000000003
-4.4482,5.572183999999999
-4.4282,5.639432000000002
-4.408200000000001,5.720063000000001
-4.388200000000001,5.813970000000002
-4.3682,5.931913
-4.3482,6.063874999999998
-4.328200000000001,6.197197000000003
-4.308200000000001,6.3040720000000015
-4.2882,6.359677999999999
-4.2682,6.351192
-4.248200000000001,6.293167999999999
-4.228200000000001,6.208981999999999
-4.2082,6.145464
-4.1882,6.1390410000000015
-4.168200000000001,6.208993
-4.148200000000001,6.356763999999998
-4.1282,6.561336
-4.1082,6.787618999999998
-4.0882000000000005,7.009150000000001
-4.068200000000001,7.202659999999999
-4.0482,7.353102000000001
-4.0282,7.465381999999999
-4.0082,7.543315
-3.988200000000001,7.620078000000001
-3.9681999999999995,7.713510999999997
-3.9482,7.84702
-3.9282000000000004,8.037462000000001
-3.908200000000001,8.28638
-3.888200000000001,8.582785
-3.8682,8.904435
-3.8482000000000003,9.225450000000004
-3.8282000000000007,9.529039000000001
-3.808200000000001,9.802589
-3.7882,10.036109999999999
-3.7682,10.237362000000001
-3.7482000000000006,10.414510999999997
-3.728200000000001,10.597581000000002
-3.7081999999999997,10.797573000000002
-3.6882,11.014252999999998
-3.6682000000000006,11.244302999999997
-3.648200000000001,11.434571000000002
-3.6281999999999996,11.576308
-3.6082,11.588058
-3.5882000000000005,11.476382000000001
-3.568200000000001,11.216627000000003
-3.5481999999999996,10.900417999999998
-3.5282,10.535704
-3.5082000000000004,10.21224
-3.488200000000001,9.972312000000004
-3.4681999999999995,9.840429
-3.4482,9.797516000000002
-3.4282000000000004,9.830568999999999
-3.408200000000001,9.898178999999999
-3.388200000000001,9.959933
-3.3682,10.004641
-3.3482000000000003,10.019991
-3.3282000000000007,10.021541
-3.308200000000001,10.041645000000003
-3.2882,10.096342000000002
-3.2682,10.222729
-3.2482000000000006,10.426001000000001
-3.228200000000001,10.698460999999995
-3.2081999999999997,11.035829999999999
-3.1882,11.383300000000004
-3.1682000000000006,11.696969
-3.148200000000001,11.948085000000003
-3.1281999999999996,12.089890000000002
-3.1082,12.113186
-3.0882000000000005,12.047443000000003
-3.068200000000001,11.891254999999994
-3.0481999999999996,11.690544999999995
-3.0282,11.472176000000003
-3.0082000000000004,11.261337000000003
-2.988200000000001,11.090179000000004
-2.9681999999999995,10.953363999999999
-2.9482,10.879185
-2.9282000000000004,10.871032999999997
-2.908200000000001,10.934938000000004
-2.888200000000001,11.068952000000005
-2.8682,11.229122999999996
-2.8482000000000003,11.386897999999999
-2.8282000000000007,11.496313
-2.808200000000001,11.546785999999997
-2.7882,11.536622
-2.7682,11.498202999999998
-2.7482000000000006,11.466194999999999
-2.728200000000001,11.472840999999999
-2.7081999999999997,11.537881000000004
-2.6882,11.659392000000004
-2.6682000000000006,11.825992000000005
-2.648200000000001,12.001885
-2.6281999999999996,12.165999000000001
-2.6082,12.288216000000006
-2.5882000000000005,12.364143999999996
-2.568200000000001,12.386629000000003
-2.5481999999999996,12.347748000000001
-2.5282,12.268164
-2.5082000000000004,12.142531000000002
-2.488200000000001,11.990460999999996
-2.4681999999999995,11.833145
-2.4482,11.669079
-2.4282000000000004,11.526753000000001
-2.408200000000001,11.418136000000006
-2.388200000000001,11.339574
-2.3682000000000016,11.30645900000001
-2.348200000000002,11.296175
-2.328199999999999,11.283335000000005
-2.3081999999999994,11.242052999999995
-2.2882,11.155278999999998
-2.2682,11.026834000000008
-2.2482000000000006,10.867549999999998
-2.228200000000001,10.692676000000004
-2.2082000000000015,10.535323
-2.188200000000002,10.410528000000001
-2.168199999999999,10.321961
-2.148199999999999,10.268023
-2.1281999999999996,10.247194000000004
-2.1082,10.241602000000002
-2.0882000000000005,10.263068
-2.068200000000001,10.310876000000002
-2.0482000000000014,10.393468
-2.028200000000002,10.534048
-2.0081999999999987,10.740664000000004
-1.988199999999999,11.022701
-1.9681999999999995,11.382836
-1.9482,11.803385
-1.9282000000000004,12.264034999999996
-1.9082000000000008,12.709990000000005
-1.8882000000000012,13.111393000000001
-1.8682000000000016,13.414502000000002
-1.848200000000002,13.622925
-1.828199999999999,13.724450999999995
-1.8081999999999994,13.755984999999995
-1.7881999999999998,13.743979000000001
-1.7682000000000002,13.700174
-1.7482000000000006,13.659519000000001
-1.728200000000001,13.598411000000004
-1.7082000000000015,13.520898999999996
-1.688200000000002,13.404528999999997
-1.6681999999999988,13.235359999999998
-1.6481999999999992,12.995529999999997
-1.6281999999999996,12.680779999999999
-1.6082,12.310380000000007
-1.5882000000000005,11.899159999999997
-1.568200000000001,11.468430000000005
-1.5482000000000014,11.046489999999999
-1.5282000000000018,10.66618
-1.5081999999999987,10.338670000000002
-1.488199999999999,10.080710000000003
-1.4681999999999995,9.895358000000002
-1.4482,9.777503000000001
-1.4282000000000004,9.711949999999998
-1.4082000000000008,9.705856000000004
-1.3882000000000012,9.75491
-1.3682000000000016,9.854880999999999
-1.348200000000002,10.015539000000002
-1.328199999999999,10.235404999999998
-1.3081999999999994,10.508180999999995
-1.2881999999999998,10.828745000000003
-1.2682000000000002,11.185945
-1.2482000000000006,11.582535999999996
-1.228200000000001,12.019139999999997
-1.2082000000000015,12.49931
-1.188200000000002,13.026009999999998
-1.1681999999999988,13.599090000000007
-1.1481999999999992,14.198940000000002
-1.1281999999999996,14.813560000000004
-1.1082,15.402100000000003
-1.0882000000000005,15.942799999999998
-1.068200000000001,16.404760000000003
-1.0482000000000014,16.78232000000001
-1.0282000000000018,17.051199999999998
-1.0081999999999987,17.254380000000005
-0.9881999999999991,17.378770000000003
-0.9681999999999995,17.485760000000003
-0.9481999999999999,17.54468
-0.9282000000000004,17.580719999999992
-0.9082000000000008,17.582448999999997
-0.8882000000000012,17.542924000000003
-0.8682000000000016,17.464563
-0.8482000000000021,17.383155999999996
-0.8281999999999989,17.318591
-0.8081999999999994,17.293096999999996
-0.7881999999999998,17.324819999999995
-0.7682000000000002,17.392181999999995
-0.7482000000000006,17.465626999999994
-0.7282000000000011,17.50591900000001
-0.7082000000000015,17.472714
-0.6882000000000019,17.363213000000005
-0.6681999999999988,17.204736999999994
-0.6481999999999992,17.030407999999998
-0.6281999999999996,16.910271000000005
-0.6082000000000001,16.874257
-0.5882000000000005,16.957216
-0.5682000000000009,17.136417000000005
-0.5482000000000014,17.400403999999998
-0.5282000000000018,17.690645999999994
-0.5081999999999987,17.96440699999999
-0.4881999999999991,18.186259999999994
-0.4681999999999995,18.336017000000005
-0.44819999999999993,18.423858999999997
-0.42820000000000036,18.456694999999996
-0.4082000000000008,18.472237
-0.3882000000000012,18.498259999999995
-0.36820000000000164,18.572228999999993
-0.34820000000000206,18.699620999999993
-0.32819999999999894,18.886639
-0.30819999999999936,19.153559
-0.2881999999999998,19.481268000000004
-0.2682000000000002,19.86609
-0.24820000000000064,20.344530999999993
-0.22820000000000107,20.914937
-0.2082000000000015,21.613260999999998
-0.18820000000000192,22.440285000000006
-0.1681999999999988,23.456892000000003
-0.14819999999999922,24.634812
-0.12819999999999965,25.962171
-0.10820000000000007,27.427638999999996
-0.0882000000000005,28.981962999999997
-0.06820000000000093,30.605304000000007
-0.04820000000000135,32.207509
-0.02820000000000178,33.706006
-0.008199999999998653,35.081635999999996
0.01180000000000092,36.14523000000001
0.031800000000000495,36.770134000000006
0.05180000000000007,36.897093999999996
0.07179999999999964,36.436309000000016
0.09179999999999922,35.349585
0.11179999999999879,33.777907
0.13179999999999836,31.815286000000008
0.15179999999999794,29.613624999999995
0.17180000000000106,27.35932599999999
0.19180000000000064,25.18834800000001
0.2118000000000002,23.231712000000005
0.23179999999999978,21.5222
0.25179999999999936,20.033216999999997
0.27179999999999893,18.764662
0.2917999999999985,17.661749999999998
0.3117999999999981,16.690650999999995
0.3318000000000012,15.821768999999994
0.3518000000000008,15.071749
0.37180000000000035,14.441148000000004
0.3917999999999999,13.945507000000005
0.4117999999999995,13.565734000000004
0.4317999999999991,13.292115
0.45179999999999865,13.087654999999996
0.4717999999999982,12.915432000000001
0.49180000000000135,12.719726000000001
0.5118000000000009,12.461213
0.5318000000000005,12.104664
0.5518000000000001,11.680895999999999
0.5717999999999996,11.197849
0.5917999999999992,10.693996000000002
0.6117999999999988,10.202038
0.6317999999999984,9.736635999999997
0.6517999999999979,9.315959000000003
0.6718000000000011,8.928875999999999
0.6918000000000006,8.563649999999999
0.7118000000000002,8.216726000000001
0.7317999999999998,7.894038999999999
0.7517999999999994,7.617899000000003
0.7717999999999989,7.403832999999998
0.7917999999999985,7.2758270000000005
0.8117999999999981,7.238331999999997
0.8318000000000012,7.279713000000003
0.8518000000000008,7.3701060000000025
0.8718000000000004,7.4691339999999995
0.8917999999999999,7.543149000000003
0.9117999999999995,7.566480000000001
0.9317999999999991,7.546421000000001
0.9517999999999986,7.485591999999999
0.9717999999999982,7.419447999999999
0.9918000000000013,7.365083
1.011800000000001,7.333904999999999
1.0318000000000005,7.3427349999999985
1.0518,7.375807000000001
1.0717999999999996,7.431192999999998
1.0917999999999992,7.4889519999999985
1.1117999999999988,7.536584000000002
1.1317999999999984,7.567239999999999
1.151799999999998,7.572536
1.171800000000001,7.545113999999998
1.1918000000000006,7.481686000000001
1.2118000000000002,7.366395999999999
1.2317999999999998,7.199602
1.2517999999999994,6.967780000000001
1.271799999999999,6.6770130000000005
1.2917999999999985,6.354428
1.311799999999998,6.032608000000002
1.3318000000000012,5.7486780000000035
1.3518000000000008,5.536817000000003
1.3718000000000004,5.412298000000001
1.3918,5.372468000000002
1.4117999999999995,5.399854999999999
1.431799999999999,5.446691
1.4517999999999986,5.480749999999999
1.4717999999999982,5.462667000000002
1.4918000000000013,5.372256999999999
1.511800000000001,5.2148340000000015
1.5318000000000005,5.005366999999999
1.5518,4.767543
1.5717999999999996,4.521526999999999
1.5917999999999992,4.296628
1.6117999999999988,4.09047
1.6317999999999984,3.916353000000001
1.651799999999998,3.773587999999999
1.671800000000001,3.6502199999999987
1.6918000000000006,3.5487310000000014
1.7118000000000002,3.461296999999998
1.7317999999999998,3.3853110000000006
1.7517999999999994,3.329482000000001
1.771799999999999,3.3012789999999983
1.7917999999999985,3.308182000000002
1.811799999999998,3.3577220000000016
1.8318000000000012,3.444912000000001
1.8518000000000008,3.5528530000000016
1.8718000000000004,3.6723910000000015
1.8918,3.786232000000001
1.9117999999999995,3.893230999999999
1.931799999999999,3.9979549999999993
1.9517999999999986,4.101254999999999
1.9717999999999982,4.205928000000001
1.9918000000000013,4.302281000000001
2.011800000000001,4.372985000000001
2.0318000000000005,4.3927429999999985
2.0518,4.346954
2.0717999999999996,4.231369
2.091799999999999,4.058525
2.111799999999999,3.8519820000000005
2.1317999999999984,3.6477269999999997
2.151799999999998,3.471355000000001
2.171800000000001,3.339537
2.1918000000000006,3.260291000000001
2.2118,3.224904000000001
2.2318,3.225218000000001
2.2517999999999994,3.2461700000000016
2.271799999999999,3.2798540000000003
2.2917999999999985,3.3225979999999997
2.311799999999998,3.368181000000001
2.331800000000001,3.409322999999999
2.351800000000001,3.433252000000001
2.3718000000000004,3.4312740000000006
2.3918,3.3925679999999994
2.4117999999999995,3.320913000000001
2.431799999999999,3.231684
2.4517999999999986,3.1426019999999997
2.471799999999998,3.0708620000000004
2.4918000000000013,3.020202000000001
2.511800000000001,2.9823219999999986
2.5318000000000005,2.9407420000000006
2.5518,2.8789130000000007
2.5717999999999996,2.787634999999999
2.591799999999999,2.669333000000001
2.611799999999999,2.5376070000000013
2.6317999999999984,2.4090229999999995
2.651799999999998,2.3005169999999997
2.671800000000001,2.220233
2.6918000000000006,2.1707359999999998
2.7118,2.1464529999999993
2.7318,2.138488
2.7517999999999994,2.1367949999999998
2.771799999999999,2.1322259999999997
2.7917999999999985,2.1207540000000003
2.811799999999998,2.1008000000000004
2.831800000000001,2.0735859999999997
2.851800000000001,2.0437019999999997
2.8718000000000004,2.0167260000000007
2.8918,2.0011439999999996
2.9117999999999995,2.0040110000000007
2.931799999999999,2.024892
2.9517999999999986,2.061813
2.971799999999998,2.1031210000000007
2.9918000000000013,2.1416839999999997
3.011800000000001,2.1719239999999993
3.0318000000000005,2.1935890000000002
3.0518,2.2106060000000007
3.0717999999999996,2.225256
3.091799999999999,2.2373399999999997
3.111799999999999,2.2440569999999997
3.1317999999999984,2.2423210000000005
3.151799999999998,2.227621
3.171800000000001,2.2000419999999994
3.1918000000000006,2.160223
3.2118,2.1156840000000003
3.2318,2.073887000000001
3.2517999999999994,2.0446930000000005
3.271799999999999,2.0388839999999995
3.2917999999999985,2.0579919999999996
3.311799999999998,2.0977689
3.331800000000001,2.142443599999999
3.351800000000001,2.1736403
3.3718000000000004,2.1726965999999988
3.3918,2.1322843999999996
3.4117999999999995,2.0552834
3.431799999999999,1.9546965
3.4517999999999986,1.8500100000000006
3.471799999999998,1.7596208000000004
3.4918000000000013,1.6952246
3.511800000000001,1.6643259
3.5318000000000005,1.6650801
3.5518,1.6906079000000005
3.5717999999999996,1.7319872
3.591799999999999,1.7801551000000007
3.611799999999999,1.8277489999999998
3.6317999999999984,1.8749629999999993
3.651799999999998,1.9231449999999988
3.671800000000001,1.9755130000000007
3.6918000000000006,2.0303569999999995
3.7118,2.0796639999999997
3.7318,2.1106499999999997
3.7517999999999994,2.1142040000000017
3.771799999999999,2.0803689999999997
3.7917999999999985,2.013062
3.811799999999998,1.9203190000000012
3.831800000000001,1.8149949999999997
3.851800000000001,1.7090559999999997
3.8718000000000004,1.6108700000000002
3.8918,1.5282300000000004
3.9117999999999995,1.4714289999999997
3.931799999999999,1.4496120000000001
3.9517999999999986,1.4741870000000004
3.971799999999998,1.5528320000000002
3.9918000000000013,1.6829170000000004
4.011800000000001,1.8517570000000005
4.0318000000000005,2.033402
4.0518,2.196839
4.0718,2.3140210000000017
4.091799999999999,2.364792
4.111799999999999,2.3474360000000005
4.131799999999998,2.2796090000000007
4.151799999999998,2.19165
4.171800000000001,2.119397
4.191800000000001,2.0934069999999996
4.2118,2.1297500000000005
4.2318,2.2259499999999997
4.251799999999999,2.3620200000000007
4.271799999999999,2.507884999999999
4.2917999999999985,2.629298
4.311799999999998,2.697547999999998
4.331800000000001,2.694079
4.351800000000001,2.619823
4.3718,2.4769900000000002
4.3918,2.281871
4.4117999999999995,2.0506160000000007
4.431799999999999,1.7998299999999992
4.451799999999999,1.5497469999999995
4.471799999999998,1.3218879999999997
4.491800000000001,1.1374013999999997
4.511800000000001,1.0124983999999992
4.5318000000000005,0.9526924
4.5518,0.9528627000000003
4.5718,0.9962418999999995
4.591799999999999,1.0615437000000003
4.611799999999999,1.1240860000000004
4.631799999999998,1.1640157999999998
4.651799999999998,1.1704415000000001
4.671800000000001,1.1408486000000004
4.691800000000001,1.0833869999999999
4.7118,1.0136525
4.7318,0.9518851999999998
4.751799999999999,0.9151517999999996
4.771799999999999,0.9141262000000001
4.7917999999999985,0.9534110000000003
4.811799999999998,1.0274389999999998
4.831800000000001,1.1273646
4.851800000000001,1.2407622999999997
4.8718,1.354962
4.8918,1.457886
4.9117999999999995,1.5384670000000005
4.931799999999999,1.589166000000001
4.951799999999999,1.6078659999999994
4.971799999999998,1.5953509999999995
4.991800000000001,1.556079999999999
5.011800000000001,1.4927239999999997
5.0318000000000005,1.4135620000000004
5.0518,1.3244529999999999
5.0718,1.229714999999999
5.091799999999999,1.1352249999999995
5.111799999999999,1.0422576999999997
5.131799999999998,0.9538511000000002
5.151799999999998,0.8698535999999997
5.171800000000001,0.7946330000000001
5.191800000000001,0.7301373000000001
5.2118,0.6813759000000001
5.2318,0.6510779
5.251799999999999,0.6411737000000002
5.271799999999999,0.6513358000000001
5.2917999999999985,0.6806463000000004
5.311799999999998,0.7301636999999999
5.331800000000001,0.8038456999999998
5.351800000000001,0.9048269999999999
5.3718,1.0352212
5.3918,1.1948050000000001
5.4117999999999995,1.3711220000000006
5.431799999999999,1.550342999999999
5.451799999999999,1.7102699999999997
5.471799999999998,1.8309919999999995
5.491800000000001,1.8951660000000001
5.511800000000001,1.897657999999999
5.5318000000000005,1.8469480000000003
5.5518,1.7626079999999995
5.5718,1.6688939999999999
5.591799999999999,1.5907279999999995
5.611799999999999,1.5410519999999994
5.631799999999998,1.5201680000000002
5.651799999999998,1.5182610000000003
5.671800000000001,1.5172639999999995
5.691800000000001,1.501992
5.7118,1.4631819999999998
5.7318,1.400724
5.751799999999999,1.3217972999999996
5.771799999999999,1.2393841
5.7917999999999985,1.1653498000000002
5.811799999999998,1.1106084000000003
5.831800000000001,1.0820353
5.851800000000001,1.0844129999999998
5.8718,1.1176259999999998
5.8918,1.1811600000000002
5.9117999999999995,1.2708659999999998
5.931799999999999,1.3774289999999998
5.951799999999999,1.4877630000000004
5.971799999999998,1.5865580000000004
5.991800000000001,1.6593720000000012
6.011800000000001,1.6958099999999994
6.0318000000000005,1.6941210000000002
6.0518,1.6582640000000004
6.0718,1.5985380000000002
6.091799999999999,1.5276549999999995
6.111799999999999,1.4591578999999995
6.131799999999998,1.4051751000000001
6.151799999999998,1.3757142000000004
6.171800000000001,1.3761961999999996
6.191800000000001,1.4061903999999998
6.2118,1.4610282
6.2318,1.5298737999999998
6.251799999999999,1.6006364999999998
6.271799999999999,1.6624248000000006
6.2917999999999985,1.7058281999999998
6.311799999999998,1.729616
6.331800000000001,1.7360809999999993
6.351800000000001,1.7312385000000012
6.3718,1.7230678000000008
6.3918,1.7169588999999994
6.4117999999999995,1.7178690000000003
6.431799999999999,1.7279306000000003
6.451799999999999,1.7502611000000001
6.471799999999998,1.7851564999999998
6.491800000000001,1.8298195999999998
6.511800000000001,1.8770443000000008
6.5318000000000005,1.9185614
6.5518,1.9447183999999997
6.5718,1.9549699999999999
6.591799999999999,1.9497570000000006
6.611799999999999,1.9355579999999994
6.631799999999998,1.917193
6.651799999999998,1.8951369999999998
6.671800000000001,1.8625319999999992
6.691800000000001,1.8187448
6.7118,1.756056
6.7318,1.6841160000000004
6.751799999999999,1.6095875000000002
6.771799999999999,1.5481925
6.7917999999999985,1.5084257000000005
6.811799999999998,1.4946443999999997
6.831800000000001,1.499263499999999
6.851800000000001,1.5150490999999993
6.8718,1.531498
6.8918,1.5434491999999989
6.9117999999999995,1.5495740999999994
6.931799999999999,1.556921400000001
6.951799999999999,1.575557
6.971799999999998,1.6146212000000002
6.991800000000001,1.6757148999999993
7.011800000000001,1.7586553000000003
7.0318000000000005,1.8528470000000008
7.0518,1.940795999999999
7.0718,2.007904199999999
7.091799999999999,2.041109999999999
7.111799999999999,2.0391280000000003
7.131799999999998,2.0034927000000002
7.151799999999998,1.9515949000000008
7.171800000000001,1.8997517000000004
7.191800000000001,1.8633178000000001
7.2118,1.8488857
7.2318,1.8524672
7.251799999999999,1.8661005000000004
7.271799999999999,1.8780240000000006
7.2917999999999985,1.877094
7.311799999999998,1.8623249999999998
7.331800000000001,1.8282019999999999
7.351800000000001,1.7762712999999997
7.3718,1.7041144999999995
7.3918,1.6177983000000002
7.4117999999999995,1.5188893
7.431799999999999,1.4156593000000002
7.451799999999999,1.3164047
7.471799999999998,1.2323636999999998
7.491800000000001,1.1691327999999999
7.511800000000001,1.1263145999999995
7.5318000000000005,1.0997405
7.5518,1.0727876000000007
7.5718,1.0315716000000001
7.591799999999999,0.9630667999999999
7.611799999999999,0.8630559
7.631799999999998,0.7409156999999998
7.651799999999998,0.6098407999999998
7.671800000000001,0.4873818000000003
7.691800000000001,0.3858832
7.7118,0.31067005999999997
7.7318,0.25851637999999993
7.751799999999999,0.22153707000000009
7.771799999999999,0.19105454
7.7917999999999985,0.16129037
7.811799999999998,0.130300802
7.831800000000001,0.098974968
7.851800000000001,0.07017464200000001
7.8718,0.0461770587
7.8918,0.02814689890000001
7.9117999999999995,0.01586919310000001
7.931799999999999,0.008255142440000003
7.951799999999999,0.003971048089999999
7.971799999999998,0.001761525866
7.991800000000001,0.0007217374790000002
8.011800000000001,0.0002730990699000001
8.0318,0.00009531803769999998
8.0518,0.000030746575190000006
8.0718,0.000009145336819999996
