-38.428200000000004,0.0031740992386799977
-38.4082,0.006009121069050003
-38.3882,0.010490874550830007
-38.3682,0.016898650952200004
-38.348200000000006,0.025145323771800007
-38.328199999999995,0.0345715071731001
-38.3082,0.04371240349189999
-38.2882,0.05114044703900001
-38.2682,0.05527603977429996
-38.2482,0.05517856392559999
-38.2282,0.05076630105919999
-38.208200000000005,0.04308258497889997
-38.1882,0.03379512904699995
-38.1682,0.02447094380939998
-38.1482,0.016363085361999985
-38.1282,0.01009254793428999
-38.1082,0.005742676712319996
-38.0882,0.0030207129254600012
-38.068200000000004,0.0014672064493699989
-38.0482,0.0006573422943300003
-38.0282,0.0002716556757080002
-38.0082,0.00010375130438530008
-37.9882,0.00003653462009240001
-37.968199999999996,0.000011894403800649986
-37.9482,0.0000035769084549599966
-37.928200000000004,9.898912615680008e-7
-37.9082,2.533846685069999e-7
-37.8882,5.981494223070001e-8
-37.8682,1.3051670065099982e-8
-37.848200000000006,2.6274779863500023e-9
-37.828199999999995,4.87664801604e-10
-37.8082,8.365619465100003e-11
-37.7882,1.3264661681100008e-11
-37.7682,1.9394374351599995e-12
-37.7482,0
-37.7282,0
-37.708200000000005,0
-37.6882,0
-37.6682,0
-37.6482,0
-37.6282,0
-37.6082,0
-37.5882,0
-37.568200000000004,0
-37.5482,0
-37.5282,0
-37.5082,0
-37.4882,0
-37.468199999999996,0
-37.4482,0
-37.428200000000004,0
-37.4082,0
-37.3882,0
-37.3682,0
-37.348200000000006,0
-37.328199999999995,0
-37.3082,0
-37.2882,0
-37.2682,0
-37.2482,0
-37.2282,0
-37.208200000000005,0
-37.1882,0
-37.1682,0
-37.1482,0
-37.1282,0
-37.1082,0
-37.0882,0
-37.068200000000004,0
-37.0482,0
-37.0282,0
-37.0082,0
-36.9882,0
-36.968199999999996,0
-36.9482,0
-36.928200000000004,0
-36.9082,0
-36.8882,0
-36.8682,1.258472360839999e-11
-36.848200000000006,8.742576715600005e-11
-36.828199999999995,5.607837547800001e-10
-36.8082,3.324324698400002e-9
-36.7882,1.818886842100001e-8
-36.7682,9.189204177100003e-8
-36.7482,4.2910545699999973e-7
-36.7282,0.0000018500486601999986
-36.708200000000005,0.000007359058250000008
-36.6882,0.000027056804173000014
-36.6682,0.00009185841114899999
-36.6482,0.00028800005823
-36.6282,0.0008341917617500003
-36.6082,0.002230772033400001
-36.5882,0.005513352305599999
-36.568200000000004,0.012577766613000007
-36.5482,0.02652554231
-36.5282,0.05161520070799999
-36.5082,0.09282936820000001
-36.4882,0.15417326595999994
-36.468199999999996,0.2365606469200001
-36.4482,0.33528977770999985
-36.428200000000004,0.4388835352299999
-36.4082,0.5311697879199998
-36.3882,0.59410392587
-36.3682,0.6143773588099999
-36.348200000000006,0.5889892505600001
-36.328199999999995,0.5260344392000003
-36.3082,0.4421520423000001
-36.2882,0.3582262496499998
-36.2682,0.29277006605999983
-36.2482,0.25643136051999993
-36.2282,0.25098100339999996
-36.208200000000005,0.269408635518
-36.1882,0.299502425658
-36.1682,0.3254137144619999
-36.1482,0.3388875574250003
-36.1282,0.333939480435
-36.1082,0.31670944648300003
-36.0882,0.2955619066680001
-36.068200000000004,0.2862605844490001
-36.0482,0.3000138667
-36.0282,0.3431575899799998
-36.0082,0.41251231749999967
-35.9882,0.49785897449000005
-35.968199999999996,0.58116756429
-35.9482,0.6457059116799998
-35.928200000000004,0.67832889628
-35.9082,0.67152630163
-35.8882,0.6304326150300004
-35.8682,0.5646280063600003
-35.848200000000006,0.4873155312800001
-35.828199999999995,0.41243745242000035
-35.8082,0.3493434879100001
-35.7882,0.3046054498999999
-35.7682,0.2838179037300002
-35.7482,0.2924045927000001
-35.7282,0.3358187174999998
-35.708200000000005,0.41870791630000026
-35.6882,0.5437321917000002
-35.6682,0.7074092549
-35.6482,0.9013669297000002
-35.6282,1.112038464399999
-35.6082,1.3207468762
-35.5882,1.5080088283999997
-35.568200000000004,1.6527937378000004
-35.5482,1.7361318209999992
-35.5282,1.7458237253999986
-35.5082,1.6819451700000012
-35.4882,1.5540117440000016
-35.468199999999996,1.3872578320000002
-35.4482,1.2078301360000006
-35.428200000000004,1.0403288519999994
-35.4082,0.9027741269999995
-35.3882,0.7972059449999996
-35.3682,0.7187687864999995
-35.348200000000006,0.6551310847999999
-35.328199999999995,0.5957247701999999
-35.3082,0.5341322630000002
-35.2882,0.4671499792000001
-35.2682,0.39753495799999977
-35.2482,0.32724931242000005
-35.2282,0.26117738822000003
-35.208200000000005,0.20279840708000005
-35.1882,0.15550740171000002
-35.1682,0.12197615442500001
-35.1482,0.10308945154000002
-35.1282,0.0981849169400001
-35.1082,0.10423231060000002
-35.0882,0.11624497447
-35.068200000000004,0.12850723524000007
-35.0482,0.13614954089
-35.0282,0.13653068838999982
-35.0082,0.12955240791
-34.9882,0.11823343703000005
-34.968199999999996,0.10747621955999997
-34.9482,0.10231599585999997
-34.928200000000004,0.10603786775000004
-34.9082,0.11935862928000002
-34.8882,0.14008652520999992
-34.8682,0.1634807815499999
-34.848200000000006,0.18357884304000002
-34.828199999999995,0.19490990397
-34.8082,0.19442464852999997
-34.7882,0.18207512724000005
-34.7682,0.16063641685399987
-34.7482,0.13539148366199985
-34.7282,0.11143997723599997
-34.708200000000005,0.09325805764899998
-34.6882,0.08317381366599999
-34.6682,0.08138376205400011
-34.6482,0.086254933174
-34.6282,0.09473038994100001
-34.6082,0.10310002194299991
-34.5882,0.10786214832299992
-34.568200000000004,0.10629755194799996
-34.5482,0.09821822270400009
-34.5282,0.08436078939319994
-34.5082,0.06720708993259998
-34.4882,0.0495846574904
-34.468199999999996,0.033828205546900025
-34.4482,0.021315190029399994
-34.428200000000004,0.012418011365290003
-34.4082,0.006687436545719999
-34.3882,0.0033218255427300003
-34.3682,0.001524275651712001
-34.3482,0.0006454621912459995
-34.3282,0.0002524553661201
-34.3082,0.00009112529283610002
-34.2882,0.000030375827804439982
-34.2682,0.000009343294985279991
-34.2482,0.0000026544576922439993
-34.2282,6.959044715410003e-7
-34.2082,1.6845682828979996e-7
-34.1882,3.762844560938999e-8
-34.1682,7.750560548549995e-9
-34.1482,1.4771661471970005e-9
-34.1282,2.5953692483770025e-10
-34.1082,4.2118841389329973e-11
-34.0882,6.307194873849997e-12
-34.068200000000004,8.724597857179999e-13
-34.0482,0
-34.0282,0
-34.0082,0
-33.9882,0
-33.968199999999996,0
-33.9482,0
-33.928200000000004,0
-33.9082,0
-33.8882,0
-33.8682,0
-33.8482,0
-33.8282,0
-33.8082,0
-33.7882,0
-33.7682,0
-33.7482,0
-33.7282,0
-33.7082,0
-33.6882,0
-33.6682,0
-33.6482,0
-33.6282,0
-33.6082,0
-33.5882,0
-33.568200000000004,5.694905893379995e-14
-33.5482,4.1593292107200013e-13
-33.5282,2.809167218059997e-12
-33.5082,1.750021488545003e-11
-33.4882,1.0060589421199991e-10
-33.468199999999996,5.347458712410001e-10
-33.4482,2.618190253840002e-9
-33.428200000000004,1.1843940359259994e-8
-33.4082,4.950654706420001e-8
-33.3882,1.9082785871929983e-7
-33.3682,6.788562310719993e-7
-33.3482,0.000002230250789539998
-33.3282,0.000006761312863160004
-33.3082,0.000018935104214550005
-33.2882,0.00004892576156169996
-33.2682,0.00011667612903209999
-33.2482,0.00025695883630810025
-33.2282,0.000522147800458
-33.2082,0.0009800856685979987
-33.1882,0.001698887810169998
-33.1682,0.002714440876860001
-33.1482,0.004009132558299995
-33.1282,0.005464614012619994
-33.1082,0.006870889967600005
-33.0882,0.007971152008409999
-33.068200000000004,0.008541336766070006
-33.0482,0.008456131299450009
-33.0282,0.007730154762940002
-33.0082,0.006510154705410002
-32.9882,0.005070298397199992
-32.968199999999996,0.003640986578920001
-32.9482,0.002417312691732999
-32.928200000000004,0.001479762023534999
-32.9082,0.0008362422381370001
-32.8882,0.000436016673684
-32.8682,0.00021022801205039992
-32.8482,0.00009335936642030002
-32.8282,0.00003834966887519996
-32.8082,0.00001452816213071002
-32.7882,0.0000050754985759800065
-32.7682,0.000001640958538635
-32.7482,4.891928624700003e-7
-32.7282,1.344571881238e-7
-32.7082,3.4108610582000003e-8
-32.6882,7.997480558769994e-9
-32.6682,1.7320103697409993e-9
-32.6482,3.46189811166e-10
-32.6282,6.384555758219995e-11
-32.6082,1.0864145950140003e-11
-32.5882,1.7067488113590012e-12
-32.568200000000004,2.477103621623e-13
-32.5482,0
-32.5282,0
-32.5082,0
-32.4882,0
-32.468199999999996,0
-32.4482,0
-32.428200000000004,0
-32.4082,0
-32.3882,0
-32.3682,0
-32.3482,0
-32.3282,0
-32.3082,0
-32.2882,0
-32.2682,0
-32.2482,0
-32.2282,0
-32.2082,0
-32.1882,0
-32.1682,0
-32.1482,0
-32.1282,0
-32.1082,0
-32.0882,0
-32.068200000000004,0
-32.0482,0
-32.0282,0
-32.0082,0
-31.9882,0
-31.9682,0
-31.9482,0
-31.9282,0
-31.9082,0
-31.8882,0
-31.8682,0
-31.8482,0
-31.828200000000002,0
-31.8082,0
-31.7882,0
-31.7682,0
-31.7482,0
-31.7282,0
-31.708199999999998,0
-31.688200000000002,0
-31.6682,0
-31.648200000000003,0
-31.6282,0
-31.6082,0
-31.5882,0
-31.5682,0
-31.5482,0
-31.5282,0
-31.508200000000002,0
-31.4882,0
-31.4682,0
-31.4482,0
-31.4282,0
-31.4082,0
-31.3882,0
-31.3682,0
-31.3482,0
-31.328200000000002,0
-31.3082,0
-31.2882,0
-31.2682,0
-31.2482,0
-31.2282,0
-31.208199999999998,0
-31.188200000000002,0
-31.1682,0
-31.148200000000003,0
-31.1282,0
-31.1082,0
-31.0882,0
-31.0682,0
-31.0482,0
-31.0282,0
-31.008200000000002,0
-30.9882,0
-30.9682,0
-30.9482,0
-30.9282,0
-30.9082,0
-30.8882,0
-30.8682,0
-30.8482,0
-30.828200000000002,0
-30.8082,0
-30.7882,0
-30.7682,0
-30.7482,0
-30.7282,0
-30.708199999999998,0
-30.688200000000002,0
-30.6682,0
-30.648200000000003,0
-30.6282,0
-30.6082,0
-30.5882,0
-30.5682,0
-30.5482,0
-30.5282,0
-30.508200000000002,0
-30.4882,0
-30.4682,0
-30.4482,0
-30.4282,0
-30.4082,0
-30.3882,0
-30.3682,0
-30.3482,0
-30.328200000000002,0
-30.3082,0
-30.2882,0
-30.2682,0
-30.2482,0
-30.2282,0
-30.208199999999998,0
-30.188200000000002,0
-30.1682,0
-30.148200000000003,0
-30.1282,0
-30.1082,0
-30.0882,0
-30.0682,0
-30.0482,0
-30.0282,0
-30.008200000000002,0
-29.9882,0
-29.9682,0
-29.9482,0
-29.9282,0
-29.9082,0
-29.8882,0
-29.8682,0
-29.8482,0
-29.828200000000002,0
-29.8082,0
-29.7882,0
-29.7682,0
-29.7482,0
-29.7282,0
-29.708199999999998,0
-29.688200000000002,0
-29.6682,0
-29.648200000000003,0
-29.6282,0
-29.6082,0
-29.5882,0
-29.5682,0
-29.5482,0
-29.5282,0
-29.508200000000002,0
-29.4882,0
-29.4682,0
-29.4482,0
-29.4282,0
-29.4082,0
-29.3882,0
-29.3682,0
-29.3482,0
-29.328200000000002,0
-29.3082,0
-29.2882,0
-29.2682,0
-29.2482,0
-29.2282,0
-29.208199999999998,0
-29.188200000000002,0
-29.1682,0
-29.148200000000003,0
-29.1282,0
-29.1082,0
-29.0882,0
-29.0682,0
-29.0482,0
-29.0282,0
-29.008200000000002,0
-28.9882,0
-28.9682,0
-28.9482,0
-28.9282,0
-28.9082,0
-28.8882,0
-28.8682,0
-28.8482,0
-28.828200000000002,0
-28.8082,0
-28.7882,0
-28.7682,0
-28.7482,0
-28.7282,0
-28.708199999999998,0
-28.688200000000002,0
-28.6682,0
-28.648200000000003,0
-28.6282,0
-28.6082,0
-28.5882,0
-28.5682,0
-28.5482,0
-28.5282,0
-28.508200000000002,0
-28.4882,0
-28.4682,0
-28.4482,0
-28.4282,0
-28.4082,0
-28.3882,0
-28.3682,0
-28.3482,0
-28.328200000000002,0
-28.3082,0
-28.2882,0
-28.2682,0
-28.2482,0
-28.2282,0
-28.208199999999998,0
-28.188200000000002,0
-28.1682,0
-28.148200000000003,0
-28.1282,0
-28.1082,0
-28.0882,0
-28.0682,0
-28.0482,0
-28.0282,0
-28.008200000000002,0
-27.9882,0
-27.9682,0
-27.9482,0
-27.9282,0
-27.9082,0
-27.8882,0
-27.8682,0
-27.8482,0
-27.828200000000002,0
-27.8082,0
-27.7882,0
-27.7682,0
-27.7482,0
-27.7282,0
-27.708199999999998,0
-27.688200000000002,0
-27.6682,0
-27.648200000000003,0
-27.6282,0
-27.6082,0
-27.5882,0
-27.5682,0
-27.5482,0
-27.5282,0
-27.508200000000002,0
-27.4882,0
-27.4682,0
-27.4482,0
-27.4282,0
-27.4082,0
-27.3882,0
-27.3682,0
-27.3482,0
-27.328200000000002,0
-27.3082,0
-27.2882,0
-27.2682,0
-27.2482,0
-27.2282,0
-27.208199999999998,0
-27.188200000000002,0
-27.1682,0
-27.148200000000003,0
-27.1282,0
-27.1082,0
-27.0882,0
-27.0682,0
-27.0482,0
-27.0282,0
-27.008200000000002,0
-26.9882,0
-26.9682,0
-26.9482,0
-26.9282,0
-26.9082,0
-26.8882,0
-26.8682,0
-26.8482,0
-26.828200000000002,0
-26.8082,0
-26.7882,0
-26.7682,0
-26.7482,0
-26.7282,0
-26.708199999999998,0
-26.688200000000002,0
-26.6682,0
-26.648200000000003,0
-26.6282,0
-26.6082,0
-26.5882,0
-26.5682,0
-26.5482,0
-26.5282,0
-26.508200000000002,0
-26.4882,0
-26.4682,0
-26.4482,0
-26.4282,0
-26.4082,0
-26.3882,0
-26.3682,0
-26.3482,0
-26.328200000000002,0
-26.3082,0
-26.2882,0
-26.2682,0
-26.2482,0
-26.2282,0
-26.2082,0
-26.188200000000002,0
-26.1682,0
-26.1482,0
-26.1282,0
-26.1082,0
-26.0882,0
-26.0682,0
-26.0482,0
-26.0282,0
-26.008200000000002,0
-25.9882,0
-25.9682,0
-25.9482,0
-25.9282,0
-25.9082,0
-25.8882,0
-25.8682,0
-25.8482,0
-25.828200000000002,0
-25.8082,0
-25.7882,0
-25.7682,0
-25.7482,0
-25.7282,0
-25.7082,0
-25.688200000000002,0
-25.6682,0
-25.6482,0
-25.6282,0
-25.6082,0
-25.5882,0
-25.5682,0
-25.5482,0
-25.5282,0
-25.508200000000002,0
-25.4882,0
-25.4682,0
-25.4482,0
-25.4282,0
-25.4082,0
-25.3882,0
-25.3682,0
-25.3482,0
-25.328200000000002,0
-25.3082,0
-25.2882,0
-25.2682,0
-25.2482,0
-25.2282,0
-25.2082,0
-25.188200000000002,0
-25.1682,0
-25.1482,0
-25.1282,0
-25.1082,0
-25.0882,0
-25.0682,0
-25.0482,0
-25.0282,0
-25.008200000000002,0
-24.9882,0
-24.9682,0
-24.9482,0
-24.9282,0
-24.9082,0
-24.8882,0
-24.8682,0
-24.8482,0
-24.828200000000002,0
-24.8082,0
-24.7882,0
-24.7682,0
-24.7482,0
-24.7282,0
-24.7082,0
-24.688200000000002,0
-24.6682,0
-24.6482,0
-24.6282,0
-24.6082,0
-24.5882,0
-24.5682,0
-24.5482,0
-24.5282,0
-24.508200000000002,0
-24.4882,0
-24.4682,0
-24.4482,0
-24.4282,0
-24.4082,0
-24.3882,0
-24.3682,0
-24.3482,0
-24.328200000000002,0
-24.3082,0
-24.2882,0
-24.2682,0
-24.2482,0
-24.2282,0
-24.2082,0
-24.188200000000002,0
-24.1682,0
-24.1482,0
-24.1282,0
-24.1082,0
-24.0882,0
-24.0682,0
-24.0482,0
-24.0282,0
-24.008200000000002,0
-23.9882,0
-23.9682,0
-23.9482,0
-23.9282,0
-23.9082,0
-23.8882,0
-23.8682,0
-23.8482,0
-23.828200000000002,0
-23.8082,0
-23.7882,0
-23.7682,0
-23.7482,0
-23.7282,0
-23.7082,0
-23.688200000000002,0
-23.6682,0
-23.6482,0
-23.6282,0
-23.6082,0
-23.5882,0
-23.5682,0
-23.5482,0
-23.5282,0
-23.508200000000002,0
-23.4882,0
-23.4682,0
-23.4482,0
-23.4282,0
-23.4082,0
-23.3882,0
-23.3682,0
-23.3482,0
-23.328200000000002,0
-23.3082,0
-23.2882,0
-23.2682,0
-23.2482,0
-23.2282,0
-23.2082,0
-23.188200000000002,0
-23.1682,0
-23.1482,0
-23.1282,0
-23.1082,0
-23.0882,0
-23.0682,0
-23.0482,0
-23.0282,0
-23.008200000000002,0
-22.9882,0
-22.9682,0
-22.9482,0
-22.9282,0
-22.9082,0
-22.8882,0
-22.8682,0
-22.8482,0
-22.828200000000002,0
-22.8082,0
-22.7882,0
-22.7682,0
-22.7482,0
-22.7282,0
-22.7082,0
-22.688200000000002,0
-22.6682,0
-22.6482,0
-22.6282,0
-22.6082,0
-22.5882,0
-22.5682,0
-22.5482,0
-22.5282,0
-22.508200000000002,0
-22.4882,0
-22.4682,0
-22.4482,0
-22.4282,0
-22.4082,0
-22.3882,0
-22.3682,0
-22.3482,0
-22.3282,0
-22.3082,0
-22.2882,0
-22.2682,0
-22.2482,0
-22.2282,0
-22.2082,0
-22.188200000000002,0
-22.1682,0
-22.1482,0
-22.1282,0
-22.1082,0
-22.0882,0
-22.0682,0
-22.0482,0
-22.028200000000002,0
-22.008200000000002,0
-21.9882,0
-21.9682,0
-21.9482,0
-21.9282,0
-21.9082,0
-21.8882,0
-21.8682,0
-21.8482,0
-21.8282,0
-21.8082,0
-21.7882,0
-21.7682,0
-21.7482,0
-21.7282,0
-21.7082,0
-21.688200000000002,0
-21.6682,0
-21.6482,0
-21.6282,0
-21.6082,0
-21.5882,0
-21.5682,0
-21.5482,0
-21.528200000000002,0
-21.508200000000002,0
-21.4882,0
-21.4682,0
-21.4482,0
-21.4282,0
-21.4082,0
-21.3882,0
-21.3682,0
-21.3482,0
-21.3282,0
-21.3082,0
-21.2882,0
-21.2682,0
-21.2482,0
-21.2282,0
-21.2082,0
-21.188200000000002,0
-21.1682,0
-21.1482,0
-21.1282,0
-21.1082,0
-21.0882,0
-21.0682,0
-21.0482,0
-21.028200000000002,0
-21.008200000000002,0
-20.9882,0
-20.9682,0
-20.9482,0
-20.9282,0
-20.9082,0
-20.8882,0
-20.8682,0
-20.8482,0
-20.8282,0
-20.8082,0
-20.7882,0
-20.7682,0
-20.7482,0
-20.7282,0
-20.7082,0
-20.688200000000002,0
-20.6682,0
-20.6482,0
-20.6282,0
-20.6082,0
-20.5882,0
-20.5682,0
-20.5482,0
-20.528200000000002,0
-20.508200000000002,0
-20.4882,0
-20.4682,0
-20.4482,0
-20.4282,0
-20.4082,0
-20.3882,0
-20.3682,0
-20.3482,0
-20.3282,0
-20.3082,0
-20.2882,0
-20.2682,0
-20.2482,0
-20.2282,0
-20.2082,0
-20.188200000000002,0
-20.1682,0
-20.1482,0
-20.1282,0
-20.1082,0
-20.0882,0
-20.0682,0
-20.0482,0
-20.028200000000002,0
-20.008200000000002,0
-19.9882,0
-19.9682,0
-19.9482,0
-19.9282,0
-19.9082,0
-19.8882,0
-19.8682,0
-19.8482,0
-19.8282,0
-19.8082,0
-19.7882,0
-19.7682,0
-19.7482,0
-19.7282,0
-19.7082,0
-19.688200000000002,0
-19.6682,0
-19.6482,0
-19.6282,0
-19.6082,0
-19.5882,0
-19.5682,0
-19.5482,0
-19.528200000000002,0
-19.508200000000002,0
-19.4882,0
-19.4682,0
-19.4482,0
-19.4282,0
-19.4082,0
-19.3882,0
-19.3682,0
-19.348200000000002,0
-19.3282,0
-19.3082,0
-19.2882,0
-19.2682,0
-19.2482,0
-19.2282,0
-19.2082,0
-19.188200000000002,0
-19.1682,0
-19.1482,0
-19.1282,0
-19.1082,0
-19.0882,0
-19.0682,0
-19.0482,0
-19.028200000000002,0
-19.0082,0
-18.9882,0
-18.9682,0
-18.9482,0
-18.9282,0
-18.9082,0
-18.8882,0
-18.8682,0
-18.848200000000002,0
-18.8282,0
-18.8082,0
-18.7882,0
-18.7682,0
-18.7482,0
-18.7282,0
-18.7082,0
-18.688200000000002,0
-18.6682,0
-18.6482,0
-18.6282,0
-18.6082,0
-18.5882,0
-18.5682,0
-18.5482,0
-18.528200000000002,0
-18.5082,0
-18.4882,0
-18.4682,0
-18.4482,0
-18.4282,0
-18.4082,0
-18.3882,0
-18.3682,0
-18.348200000000002,0
-18.3282,0
-18.3082,0
-18.2882,0
-18.2682,0
-18.2482,0
-18.2282,0
-18.2082,0
-18.188200000000002,0
-18.1682,0
-18.1482,0
-18.1282,0
-18.1082,0
-18.0882,0
-18.0682,0
-18.0482,0
-18.028200000000002,0
-18.0082,0
-17.9882,0
-17.9682,0
-17.9482,0
-17.9282,0
-17.9082,0
-17.8882,0
-17.8682,0
-17.848200000000002,0
-17.8282,0
-17.8082,0
-17.7882,0
-17.7682,0
-17.7482,0
-17.7282,0
-17.7082,0
-17.688200000000002,0
-17.6682,0
-17.6482,0
-17.6282,0
-17.6082,0
-17.5882,0
-17.5682,0
-17.5482,0
-17.528200000000002,0
-17.5082,0
-17.4882,0
-17.4682,0
-17.4482,0
-17.4282,0
-17.4082,0
-17.3882,0
-17.3682,0
-17.3482,0
-17.3282,0
-17.3082,0
-17.2882,0
-17.2682,0
-17.2482,0
-17.2282,0
-17.2082,0
-17.188200000000002,0
-17.1682,0
-17.1482,0
-17.1282,0
-17.1082,0
-17.0882,0
-17.0682,0
-17.0482,0
-17.028200000000002,0
-17.008200000000002,0
-16.9882,0
-16.9682,0
-16.9482,0
-16.9282,0
-16.9082,0
-16.8882,0
-16.8682,0
-16.8482,0
-16.8282,0
-16.8082,0
-16.7882,0
-16.7682,0
-16.7482,0
-16.7282,0
-16.7082,0
-16.688200000000002,0
-16.6682,0
-16.6482,0
-16.6282,0
-16.6082,0
-16.5882,0
-16.5682,0
-16.5482,0
-16.528200000000002,0
-16.508200000000002,0
-16.4882,0
-16.4682,0
-16.4482,0
-16.4282,0
-16.4082,0
-16.3882,0
-16.3682,0
-16.3482,0
-16.3282,0
-16.3082,0
-16.2882,0
-16.2682,0
-16.2482,0
-16.2282,0
-16.2082,0
-16.188200000000002,0
-16.1682,0
-16.1482,0
-16.1282,0
-16.1082,0
-16.0882,0
-16.0682,0
-16.0482,0
-16.028200000000002,0
-16.008200000000002,0
-15.9882,0
-15.9682,0
-15.9482,0
-15.9282,0
-15.9082,0
-15.888200000000001,0
-15.8682,0
-15.8482,0
-15.8282,0
-15.8082,0
-15.7882,0
-15.7682,0
-15.7482,0
-15.728200000000001,0
-15.7082,0
-15.6882,0
-15.6682,0
-15.648200000000001,0
-15.6282,0
-15.6082,0
-15.5882,0
-15.568200000000001,0
-15.548200000000001,0
-15.5282,0
-15.5082,0
-15.4882,0
-15.4682,0
-15.4482,0
-15.4282,0
-15.4082,0
-15.388200000000001,0
-15.3682,0
-15.3482,0
-15.3282,0
-15.3082,0
-15.2882,0
-15.2682,0
-15.2482,0
-15.228200000000001,0
-15.2082,0
-15.1882,0
-15.1682,0
-15.148200000000001,0
-15.1282,0
-15.1082,0
-15.0882,0
-15.068200000000001,0
-15.048200000000001,0
-15.0282,0
-15.0082,0
-14.9882,0
-14.9682,0
-14.9482,0
-14.9282,0
-14.9082,0
-14.888200000000001,0
-14.8682,0
-14.8482,0
-14.8282,0
-14.8082,0
-14.7882,0
-14.7682,0
-14.7482,0
-14.728200000000001,0
-14.7082,0
-14.6882,0
-14.6682,0
-14.648200000000001,0
-14.6282,0
-14.6082,0
-14.5882,0
-14.568200000000001,0
-14.548200000000001,0
-14.5282,0
-14.5082,0
-14.4882,0
-14.4682,0
-14.4482,0
-14.4282,0
-14.4082,0
-14.388200000000001,0
-14.368200000000002,0
-14.3482,0
-14.3282,0
-14.3082,0
-14.2882,0
-14.2682,0
-14.2482,0
-14.228200000000001,0
-14.208200000000001,0
-14.1882,0
-14.1682,0
-14.1482,0
-14.1282,0
-14.1082,0
-14.0882,0
-14.068200000000001,0
-14.048200000000001,0
-14.0282,0
-14.0082,0
-13.988199999999999,0
-13.9682,0
-13.9482,0
-13.9282,0
-13.9082,0
-13.888200000000001,0
-13.868200000000002,0
-13.8482,0
-13.8282,0
-13.8082,0
-13.7882,0
-13.7682,0
-13.7482,0
-13.728200000000001,0
-13.708200000000001,0
-13.6882,0
-13.6682,0
-13.6482,0
-13.6282,0
-13.6082,0
-13.5882,0
-13.568200000000001,0
-13.548200000000001,0
-13.5282,0
-13.5082,0
-13.488199999999999,0
-13.4682,0
-13.4482,0
-13.4282,0
-13.4082,0
-13.388200000000001,0
-13.368200000000002,0
-13.3482,0
-13.3282,0
-13.3082,0
-13.2882,0
-13.2682,0
-13.2482,0
-13.228200000000001,0
-13.208200000000001,0
-13.1882,0
-13.1682,0
-13.1482,0
-13.1282,0
-13.1082,0
-13.0882,0
-13.068200000000001,0
-13.048200000000001,0
-13.0282,0
-13.0082,0
-12.988199999999999,0
-12.9682,0
-12.9482,0
-12.9282,0
-12.9082,0
-12.888200000000001,0
-12.868200000000002,0
-12.8482,0
-12.8282,0
-12.8082,0
-12.7882,0
-12.7682,0
-12.7482,0
-12.728200000000001,0
-12.708200000000001,0
-12.6882,0
-12.6682,0
-12.6482,0
-12.6282,0
-12.6082,0
-12.5882,0
-12.568200000000001,0
-12.548200000000001,0
-12.5282,0
-12.5082,0
-12.488199999999999,0
-12.4682,0
-12.4482,0
-12.4282,0
-12.4082,0
-12.388200000000001,0
-12.368200000000002,0
-12.3482,0
-12.3282,0
-12.3082,0
-12.2882,0
-12.2682,0
-12.2482,0
-12.228200000000001,0
-12.208200000000001,0
-12.1882,0
-12.1682,0
-12.1482,0
-12.1282,0
-12.1082,0
-12.0882,0
-12.068200000000001,0
-12.048200000000001,0
-12.0282,0
-12.0082,0
-11.988199999999999,0
-11.9682,0
-11.9482,0
-11.9282,0
-11.9082,0
-11.888200000000001,0
-11.868200000000002,0
-11.8482,0
-11.8282,0
-11.8082,0
-11.7882,0
-11.7682,0
-11.7482,0
-11.728200000000001,0
-11.708200000000001,0
-11.6882,0
-11.6682,0
-11.6482,0
-11.6282,0
-11.6082,0
-11.5882,0
-11.568200000000001,0
-11.548200000000001,0
-11.5282,0
-11.5082,0
-11.488199999999999,0
-11.4682,0
-11.4482,0
-11.4282,0
-11.4082,0
-11.388200000000001,0
-11.368200000000002,0
-11.3482,0
-11.3282,0
-11.3082,0
-11.2882,0
-11.2682,0
-11.2482,0
-11.228200000000001,0
-11.208200000000001,0
-11.1882,0
-11.1682,0
-11.1482,0
-11.1282,0
-11.1082,0
-11.0882,0
-11.068200000000001,0
-11.048200000000001,0
-11.0282,0
-11.0082,0
-10.988199999999999,0
-10.9682,0
-10.9482,0
-10.9282,0
-10.9082,0
-10.888200000000001,0
-10.868200000000002,0
-10.8482,0
-10.8282,0
-10.8082,0
-10.7882,0
-10.7682,0
-10.7482,0
-10.728200000000001,0
-10.708200000000001,0
-10.6882,0
-10.6682,0
-10.6482,0
-10.6282,0
-10.6082,0
-10.5882,0
-10.568200000000001,0
-10.548200000000001,0
-10.5282,0
-10.5082,0
-10.488199999999999,0
-10.4682,0
-10.4482,0
-10.4282,0
-10.4082,0
-10.388200000000001,0
-10.3682,0
-10.3482,0
-10.3282,0
-10.308200000000001,0
-10.2882,0
-10.2682,0
-10.2482,0
-10.228200000000001,0
-10.2082,0
-10.1882,0
-10.1682,0
-10.148200000000001,0
-10.1282,0
-10.1082,0
-10.0882,0
-10.068200000000001,0
-10.0482,0
-10.0282,0
-10.0082,0
-9.9882,0
-9.9682,0
-9.9482,0
-9.9282,0
-9.9082,0
-9.888200000000001,0
-9.8682,0
-9.8482,0
-9.8282,0
-9.808200000000001,0
-9.7882,0
-9.7682,0
-9.7482,0
-9.728200000000001,0
-9.7082,0
-9.6882,0
-9.6682,0
-9.648200000000001,0
-9.6282,0
-9.6082,0
-9.5882,0
-9.568200000000001,0
-9.5482,0
-9.5282,0
-9.5082,0
-9.4882,0
-9.4682,0
-9.4482,0
-9.4282,0
-9.4082,0
-9.388200000000001,0
-9.3682,0
-9.3482,0
-9.3282,0
-9.308200000000001,0
-9.2882,0
-9.2682,0
-9.2482,0
-9.228200000000001,0
-9.2082,0
-9.1882,0
-9.1682,0
-9.148200000000001,0
-9.1282,0
-9.1082,1.1026219997839983e-11
-9.0882,7.729877221180002e-11
-9.068200000000001,5.002419335859997e-10
-9.0482,2.9911512340300027e-9
-9.0282,1.648550023168999e-8
-9.0082,8.400273751220008e-8
-8.9882,3.947421139240003e-7
-8.9682,0.0000017127630413819994
-8.9482,0.000006862373124089999
-8.9282,0.000025384659301099988
-8.9082,0.00008664713592259997
-8.888200000000001,0.00027295530788999986
-8.8682,0.0007947507761060006
-8.8482,0.002134935204009999
-8.8282,0.005295998323360005
-8.808200000000001,0.012140634821400004
-8.7882,0.025699629367700018
-8.7682,0.050268204032999995
-8.7482,0.09104850425600003
-8.728200000000001,0.15271125343999997
-8.7082,0.2376000922000001
-8.6882,0.34384191008999987
-8.6682,0.4654294124000003
-8.648200000000001,0.5923083790999998
-8.6282,0.7165409534999999
-8.6082,0.8328307177000001
-8.5882,0.9440413699000002
-8.568200000000001,1.0574860640000008
-8.5482,1.181102311999999
-8.5282,1.3175325190000002
-8.5082,1.4645477020000004
-8.4882,1.6123821129999991
-8.4682,1.7500235619999998
-8.4482,1.8638768180000016
-8.4282,1.9492499640000007
-8.4082,2.0024908210000008
-8.388200000000001,2.0187920830000006
-8.3682,1.9955996400000002
-8.3482,1.9337894889999998
-8.3282,1.8381314630000003
-8.308200000000001,1.7239652110000008
-8.2882,1.603892131
-8.2682,1.4939937199999995
-8.2482,1.4103388040000002
-8.228200000000001,1.3651900089999995
-8.2082,1.364644870000001
-8.1882,1.408758289
-8.1682,1.4890359690000008
-8.148200000000001,1.5906345399999988
-8.1282,1.6937345469999996
-8.1082,1.7813285900000018
-8.0882,1.8372163300000006
-8.068200000000001,1.8499741399999998
-8.0482,1.8172070199999988
-8.0282,1.7433246699999996
-8.0082,1.6399811510000009
-7.988200000000001,1.530041306000001
-7.9681999999999995,1.443177068000001
-7.9482,1.4092989900000001
-7.9282,1.4507202799999996
-7.908200000000001,1.5772920699999997
-7.888200000000001,1.774018019999999
-7.8682,2.0086294100000006
-7.8482,2.234890359999999
-7.828200000000001,2.4075535500000016
-7.808200000000001,2.5009909300000013
-7.7882,2.50715384
-7.7682,2.4406944699999973
-7.748200000000001,2.327859310000001
-7.728200000000001,2.195349970000002
-7.7082,2.0643405500000007
-7.6882,1.9466919
-7.668200000000001,1.849274149999999
-7.648200000000001,1.77446602
-7.6282,1.7234887399999999
-7.6082,1.698320013
-7.5882000000000005,1.7019930680000015
-7.568200000000001,1.7379564470000015
-7.5482,1.8088668100000007
-7.5282,1.9163651300000009
-7.5082,2.0575915999999994
-7.488200000000001,2.2247454899999988
-7.4681999999999995,2.4069323599999994
-7.4482,2.593109059999999
-7.4282,2.773018410000001
-7.408200000000001,2.9425948100000037
-7.388200000000001,3.1011393200000006
-7.3682,3.245665009999999
-7.3482,3.364087660000002
-7.328200000000001,3.437705510000002
-7.308200000000001,3.4419857499999993
-7.2882,3.3591131500000015
-7.2682,3.1814959700000007
-7.248200000000001,2.9212970599999997
-7.228200000000001,2.616664670000001
-7.2082,2.3088910200000012
-7.1882,2.043010679999999
-7.168200000000001,1.8444756700000005
-7.148200000000001,1.7166591399999998
-7.1282,1.6438280099999987
-7.1082,1.5964300400000004
-7.0882000000000005,1.5449566410000002
-7.068200000000001,1.4676344919999997
-7.0482,1.3556156860000004
-7.0282,1.214211723999999
-7.0082,1.061858183
-6.988200000000001,0.9240401700000002
-6.9681999999999995,0.832351501
-6.9482,0.8175774769999997
-6.9282,0.9009800809999995
-6.908200000000001,1.09451374
-6.888200000000001,1.3983787399999996
-6.8682,1.8007067599999997
-6.8482,2.2852412899999983
-6.828200000000001,2.82000461
-6.808200000000001,3.3656245200000017
-6.7882,3.87582916
-6.7682,4.295052170000002
-6.748200000000001,4.585281090000001
-6.728200000000001,4.724716129999998
-6.7082,4.737189179999997
-6.6882,4.667047110000004
-6.668200000000001,4.58094027
-6.648200000000001,4.53441431
-6.6282,4.5509436
-6.6082,4.63891405
-6.5882000000000005,4.77032316
-6.568200000000001,4.913905809999996
-6.5482,5.045631769999998
-6.5282,5.156079829999997
-6.5082,5.243752390000002
-6.488200000000001,5.311556600000003
-6.4681999999999995,5.36209745
-6.4482,5.395850130000003
-6.4282,5.411927020000001
-6.408200000000001,5.4262062099999975
-6.388200000000001,5.4425121999999995
-6.3682,5.474657429999998
-6.3482,5.52628669
-6.328200000000001,5.60840042
-6.308200000000001,5.729168499999999
-6.2882,5.9155755500000025
-6.2682,6.167022760000001
-6.248200000000001,6.484311740000007
-6.228200000000001,6.835640880000001
-6.2082,7.18359029
-6.1882,7.504881679999999
-6.168200000000001,7.788944989999996
-6.148200000000001,8.040485029999997
-6.1282,8.275685709999996
-6.1082,8.498142940000008
-6.0882000000000005,8.689075190000006
-6.068200000000001,8.819733859999998
-6.0482,8.845021059999997
-6.0282,8.74803877
-6.0082,8.54486661
-5.988200000000001,8.260291599999999
-5.9681999999999995,7.9491841200000035
-5.9482,7.6560983199999955
-5.9282,7.421116209999999
-5.908200000000001,7.256081329999998
-5.888200000000001,7.16780045
-5.8682,7.1581313400000015
-5.8482,7.23779809
-5.828200000000001,7.422615599999995
-5.808200000000001,7.724557680000002
-5.7882,8.146088649999992
-5.7682,8.660227249999998
-5.748200000000001,9.211691079999994
-5.728200000000001,9.738375970000009
-5.7082,10.177154959999994
-5.6882,10.512027240000007
-5.668200000000001,10.737488380000002
-5.648200000000001,10.888938599999992
-5.6282,11.005285560000004
-5.6082,11.11580905
-5.5882000000000005,11.252771499999998
-5.568200000000001,11.430309400000006
-5.5482,11.659157700000002
-5.5282,11.934968
-5.5082,12.259731099999996
-5.488200000000001,12.614833400000002
-5.4681999999999995,12.962196800000008
-5.4482,13.271177500000002
-5.4282,13.528624700000005
-5.408200000000001,13.73889329999998
-5.388200000000001,13.93191829999999
-5.3682,14.11340209999999
-5.3482,14.291319200000007
-5.328200000000001,14.451679900000004
-5.308200000000001,14.539528699999988
-5.2882,14.533359500000023
-5.2682,14.4718246
-5.248200000000001,14.368558600000004
-5.228200000000001,14.276522900000005
-5.2082,14.237205900000005
-5.1882,14.2516984
-5.168200000000001,14.266697399999996
-5.148200000000001,14.224391700000002
-5.1282,14.062243299999995
-5.1082,13.776774099999997
-5.0882000000000005,13.40300310000001
-5.068200000000001,13.050166299999995
-5.0482,12.830945
-5.0282,12.844890600000003
-5.0082,13.133510800000002
-4.988200000000001,13.663107300000007
-4.9681999999999995,14.326215900000001
-4.9482,14.996873390000003
-4.9282,15.560022979999989
-4.908200000000001,15.928278239999996
-4.888200000000001,16.100591219999988
-4.8682,16.137193930000006
-4.8482,16.148538750000004
-4.828200000000001,16.25815591
-4.808200000000001,16.565807369999995
-4.7882,17.122397240000012
-4.7682,17.922319409999997
-4.748200000000001,18.90673424000001
-4.728200000000001,20.002358070000003
-4.7082,21.134399000000005
-4.6882,22.250024200000006
-4.668200000000001,23.303388199999997
-4.648200000000001,24.276376999999997
-4.6282,25.116543199999995
-4.6082,25.753305899999997
-4.5882000000000005,26.10413680000001
-4.568200000000001,26.137911099999997
-4.5482,25.849257500000004
-4.5282,25.280666699999998
-4.5082,24.502095999999987
-4.488200000000001,23.61555820000001
-4.4681999999999995,22.713204699999995
-4.4482,21.89509229999999
-4.4282,21.27557750000002
-4.408200000000001,20.957671199999986
-4.388200000000001,21.005986200000017
-4.3682,21.440745900000003
-4.3482,22.234158899999994
-4.328200000000001,23.254442700000013
-4.308200000000001,24.328681899999985
-4.2882,25.285994799999997
-4.2682,26.014304900000003
-4.248200000000001,26.485459499999997
-4.228200000000001,26.7581187
-4.2082,26.940780400000016
-4.1882,27.202659700000005
-4.168200000000001,27.6112777
-4.148200000000001,28.218001899999997
-4.1282,28.986477000000022
-4.1082,29.824920200000015
-4.0882000000000005,30.651296400000028
-4.068200000000001,31.377351499999993
-4.0482,31.948009699999982
-4.0282,32.36523530000001
-4.0082,32.66386420000003
-3.988200000000001,32.921821300000005
-3.9681999999999995,33.21341220000002
-3.9482,33.63345980000002
-3.9282000000000004,34.2576055
-3.908200000000001,35.10116529999997
-3.888200000000001,36.13273409999997
-3.8682,37.32829539999999
-3.8482000000000003,38.60146300000001
-3.8282000000000007,39.88400970000002
-3.808200000000001,41.1039556
-3.7882,42.199387300000026
-3.7682,43.11662600000002
-3.7482000000000006,43.82057780000002
-3.728200000000001,44.39635829999999
-3.7081999999999997,44.892850299999985
-3.6882,45.3550458
-3.6682000000000006,45.77636870000002
-3.648200000000001,46.16058569999997
-3.6281999999999996,46.36092629999995
-3.6082,46.276357000000004
-3.5882000000000005,45.85901460000004
-3.568200000000001,45.1316737
-3.5481999999999996,44.22368719999997
-3.5282,43.3443206
-3.5082000000000004,42.64298930000003
-3.488200000000001,42.321010600000086
-3.4681999999999995,42.4345326
-3.4482,42.92691190000002
-3.4282000000000004,43.6996553
-3.408200000000001,44.61472139999999
-3.388200000000001,45.4962229
-3.3682,46.27362549999995
-3.3482000000000003,46.84934909999996
-3.3282000000000007,47.27641039999996
-3.308200000000001,47.52675810000005
-3.2882,47.67569480000003
-3.2682,47.78263279999999
-3.2482000000000006,47.9188651
-3.228200000000001,48.13104109999997
-3.2081999999999997,48.4841456
-3.1882,48.98536600000002
-3.1682000000000006,49.60891819999999
-3.148200000000001,50.350665299999974
-3.1281999999999996,51.19706350000001
-3.1082,52.06187109999999
-3.0882000000000005,52.88804469999999
-3.068200000000001,53.601543199999995
-3.0481999999999996,54.111445000000046
-3.0282,54.371754200000005
-3.0082000000000004,54.33976189999999
-2.988200000000001,54.08325500000003
-2.9681999999999995,53.6749131
-2.9482,53.277572899999946
-2.9282000000000004,53.05969740000005
-2.908200000000001,53.143729200000024
-2.888200000000001,53.589325699999996
-2.8682,54.36273439999995
-2.8482000000000003,55.351282000000005
-2.8282000000000007,56.37651799999994
-2.808200000000001,57.367739000000064
-2.7882,58.237087999999936
-2.7682,58.958939000000015
-2.7482000000000006,59.49885700000004
-2.728200000000001,59.916705000000015
-2.7081999999999997,60.223615000000024
-2.6882,60.4060166
-2.6682000000000006,60.46317129999995
-2.648200000000001,60.43975069999998
-2.6281999999999996,60.26549290000001
-2.6082,59.969186099999966
-2.5882000000000005,59.54939070000005
-2.568200000000001,59.11737139999995
-2.5481999999999996,58.666345999999976
-2.5282,58.2316862
-2.5082000000000004,57.87314099999998
-2.488200000000001,57.5316617
-2.4681999999999995,57.2359504
-2.4482,56.9426839
-2.4282000000000004,56.684541699999954
-2.408200000000001,56.47122090000002
-2.388200000000001,56.33419850000001
-2.3682000000000016,56.28032649999995
-2.348200000000002,56.24174059999997
-2.328199999999999,56.168345299999984
-2.3081999999999994,55.96176770000001
-2.2882,55.532287299999936
-2.2682,54.877391400000036
-2.2482000000000006,54.05515430000004
-2.228200000000001,53.10193829999999
-2.2082000000000015,52.15087429999996
-2.188200000000002,51.28119380000001
-2.168199999999999,50.544815
-2.148199999999999,49.97229379999997
-2.1281999999999996,49.57917939999999
-2.1082,49.32843730000001
-2.0882000000000005,49.24945179999995
-2.068200000000001,49.335327000000014
-2.0482000000000014,49.628414999999954
-2.028200000000002,50.15721099999996
-2.0081999999999987,50.981650999999985
-1.988199999999999,52.133195000000036
-1.9681999999999995,53.649244
-1.9482,55.470621999999985
-1.9282000000000004,57.482879999999994
-1.9082000000000008,59.51767199999999
-1.8882000000000012,61.411994999999976
-1.8682000000000016,63.045029
-1.848200000000002,64.34262099999997
-1.828199999999999,65.30293000000002
-1.8081999999999994,65.978268
-1.7881999999999998,66.41285899999994
-1.7682000000000002,66.65013899999998
-1.7482000000000006,66.67538299999997
-1.728200000000001,66.53386500000002
-1.7082000000000015,66.24563899999998
-1.688200000000002,65.74236099999992
-1.6681999999999988,65.02621099999999
-1.6481999999999992,64.160074
-1.6281999999999996,63.13688399999999
-1.6082,62.07053799999998
-1.5882000000000005,61.03844299999996
-1.568200000000001,60.21403199999993
-1.5482000000000014,59.68222800000001
-1.5282000000000018,59.45525600000005
-1.5081999999999987,59.53509499999998
-1.488199999999999,59.861169999999994
-1.4681999999999995,60.262297
-1.4482,60.64450500000001
-1.4282000000000004,60.99284449999998
-1.4082000000000008,61.28710119999997
-1.3882000000000012,61.66050829999997
-1.3682000000000016,62.19921270000005
-1.348200000000002,63.02638729999999
-1.328199999999999,64.15528259999995
-1.3081999999999994,65.5044273
-1.2881999999999998,66.96364200000006
-1.2682000000000002,68.39758280000007
-1.2482000000000006,69.7549737
-1.228200000000001,71.02057339999996
-1.2082000000000015,72.22507599999999
-1.188200000000002,73.40035099999997
-1.1681999999999988,74.54642649999997
-1.1481999999999992,75.76680339999996
-1.1281999999999996,76.99988240000002
-1.1082,78.21937859999996
-1.0882000000000005,79.41598099999995
-1.068200000000001,80.47015860000003
-1.0482000000000014,81.31936660000001
-1.0282000000000018,81.88028420000006
-1.0081999999999987,82.13234130000001
-0.9881999999999991,82.17965500000001
-0.9681999999999995,81.9938071999999
-0.9481999999999999,81.6787037
-0.9282000000000004,81.24653339999998
-0.9082000000000008,80.74625599999997
-0.8882000000000012,80.1383443
-0.8682000000000016,79.4942925
-0.8482000000000021,78.83198250000002
-0.8281999999999989,78.21468159999993
-0.8081999999999994,77.70055009999993
-0.7881999999999998,77.33257520000001
-0.7682000000000002,77.03419909999997
-0.7482000000000006,76.73722069999998
-0.7282000000000011,76.23880989999999
-0.7082000000000015,75.58144930000002
-0.6882000000000019,74.67123069999998
-0.6681999999999988,73.6385051
-0.6481999999999992,72.6024622
-0.6281999999999996,71.88811739999996
-0.6082000000000001,71.46761749999999
-0.5882000000000005,71.4160906
-0.5682000000000009,71.75360969999997
-0.5482000000000014,72.2827307999999
-0.5282000000000018,72.87412579999999
-0.5081999999999987,73.38858610000003
-0.4881999999999991,73.7049728
-0.4681999999999995,73.8700677
-0.44819999999999993,73.82155540000004
-0.42820000000000036,73.71833399999993
-0.4082000000000008,73.65890689999998
-0.3882000000000012,73.63889389999999
-0.36820000000000164,73.61169730000002
-0.34820000000000206,73.50937049999996
-0.32819999999999894,73.22752129999998
-0.30819999999999936,72.69527789999995
-0.2881999999999998,71.90494260000004
-0.2682000000000002,70.91446429999999
-0.24820000000000064,69.78584339999998
-0.22820000000000107,68.66954669999997
-0.2082000000000015,67.59359830000005
-0.18820000000000192,66.68270640000003
-0.1681999999999988,65.95358820000004
-0.14819999999999922,65.36118450000002
-0.12819999999999965,64.85060910000004
-0.10820000000000007,64.34754200000002
-0.0882000000000005,63.69456240000001
-0.06820000000000093,62.809297199999975
-0.04820000000000135,61.57972880000002
-0.02820000000000178,59.961297599999995
-0.008199999999998653,57.94293159999999
0.01180000000000092,55.577041799999975
0.031800000000000495,52.91239589999999
0.05180000000000007,50.054699500000034
0.07179999999999964,47.068440400000014
0.09179999999999922,44.01559559999997
0.11179999999999879,41.03477850000002
0.13179999999999836,38.135728399999984
0.15179999999999794,35.4120838
0.17180000000000106,32.930383199999994
0.19180000000000064,30.736244099999983
0.2118000000000002,28.857614699999996
0.23179999999999978,27.30000939999999
0.25179999999999936,26.03522020000001
0.27179999999999893,24.990641400000012
0.2917999999999985,24.118134499999993
0.3117999999999981,23.35915369999998
0.3318000000000012,22.664326700000004
0.3518000000000008,22.012568200000008
0.37180000000000035,21.3977738
0.3917999999999999,20.816056699999983
0.4117999999999995,20.273274700000012
0.4317999999999991,19.777132400000006
0.45179999999999865,19.333637900000006
0.4717999999999982,18.936066300000014
0.49180000000000135,18.582975699999988
0.5118000000000009,18.276525900000006
0.5318000000000005,18.0171068
0.5518000000000001,17.81441190000003
0.5717999999999996,17.655382200000005
0.5917999999999992,17.539137600000007
0.6117999999999988,17.4150743
0.6317999999999984,17.231576300000008
0.6517999999999979,16.957073399999988
0.6718000000000011,16.546686800000007
0.6918000000000006,16.0104018
0.7118000000000002,15.402951300000007
0.7317999999999998,14.803738500000001
0.7517999999999994,14.302975900000002
0.7717999999999989,13.980766000000001
0.7917999999999985,13.881370999999996
0.8117999999999981,14.0090458
0.8318000000000012,14.320448099999998
0.8518000000000008,14.728505799999997
0.8718000000000004,15.130065299999988
0.8917999999999999,15.45303190000001
0.9117999999999995,15.641825300000006
0.9317999999999991,15.684350500000003
0.9517999999999986,15.622055600000003
0.9717999999999982,15.4952422
0.9918000000000013,15.37552609999999
1.011800000000001,15.306653199999998
1.0318000000000005,15.305344800000002
1.0518,15.361287600000002
1.0717999999999996,15.449341599999991
1.0917999999999992,15.536112699999988
1.1117999999999988,15.607286800000004
1.1317999999999984,15.640896999999997
1.151799999999998,15.64660040000001
1.171800000000001,15.624434600000003
1.1918000000000006,15.566565399999998
1.2118000000000002,15.439630799999989
1.2317999999999998,15.205718000000013
1.2517999999999994,14.825594600000016
1.271799999999999,14.29868680000001
1.2917999999999985,13.653461500000004
1.311799999999998,12.9734418
1.3318000000000012,12.348909100000002
1.3518000000000008,11.856375
1.3718000000000004,11.5598713
1.3918,11.452083500000004
1.4117999999999995,11.492405200000007
1.431799999999999,11.6159756
1.4517999999999986,11.735680800000003
1.4717999999999982,11.7858382
1.4918000000000013,11.7411973
1.511800000000001,11.588659199999997
1.5318000000000005,11.355137900000003
1.5518,11.05682779999999
1.5717999999999996,10.727455300000004
1.5917999999999992,10.387259100000009
1.6117999999999988,10.0522544
1.6317999999999984,9.734040200000006
1.651799999999998,9.4482933
1.671800000000001,9.1986837
1.6918000000000006,8.997058100000004
1.7118000000000002,8.851974000000007
1.7317999999999998,8.7756123
1.7517999999999994,8.804481000000004
1.771799999999999,8.959696600000012
1.7917999999999985,9.2677034
1.811799999999998,9.716670700000009
1.8318000000000012,10.2689674
1.8518000000000008,10.858653499999997
1.8718000000000004,11.415788500000012
1.8918,11.885359099999993
1.9117999999999995,12.252594100000007
1.931799999999999,12.526368000000003
1.9517999999999986,12.747233500000004
1.9717999999999982,12.931858300000002
1.9918000000000013,13.101809699999995
2.011800000000001,13.220920600000003
2.0318000000000005,13.2556336
2.0518,13.1591462
2.0717999999999996,12.9081485
2.091799999999999,12.515469
2.111799999999999,12.032348000000008
2.1317999999999984,11.529881400000008
2.151799999999998,11.065379099999996
2.171800000000001,10.689990400000005
2.1918000000000006,10.418407499999999
2.2118,10.241321099999999
2.2318,10.139841299999997
2.2517999999999994,10.105517200000007
2.271799999999999,10.128915999999998
2.2917999999999985,10.2096039
2.311799999999998,10.340954600000016
2.331800000000001,10.49103030000001
2.351800000000001,10.608433999999994
2.3718000000000004,10.634004099999995
2.3918,10.534039099999994
2.4117999999999995,10.306848299999999
2.431799999999999,10.014304800000005
2.4517999999999986,9.725181200000003
2.471799999999998,9.505132700000003
2.4918000000000013,9.391456000000003
2.511800000000001,9.361877
2.5318000000000005,9.358335000000004
2.5518,9.317018100000004
2.5717999999999996,9.198214200000004
2.591799999999999,9.004881500000002
2.611799999999999,8.775287500000006
2.6317999999999984,8.571043199999997
2.651799999999998,8.449455600000004
2.671800000000001,8.436050399999997
2.6918000000000006,8.530468000000004
2.7118,8.6900797
2.7318,8.875759100000009
2.7517999999999994,9.032330099999998
2.771799999999999,9.134150700000003
2.7917999999999985,9.1684585
2.811799999999998,9.1344367
2.831800000000001,9.048782899999999
2.851800000000001,8.935389099999993
2.8718000000000004,8.831989299999996
2.8918,8.779263300000007
2.9117999999999995,8.80953730000001
2.931799999999999,8.923391599999997
2.9517999999999986,9.096054700000002
2.971799999999998,9.278605200000003
2.9918000000000013,9.421967100000005
3.011800000000001,9.493397399999997
3.0318000000000005,9.502204400000009
3.0518,9.480031199999994
3.0717999999999996,9.455674
3.091799999999999,9.460055400000007
3.111799999999999,9.505891299999996
3.1317999999999984,9.570125299999996
3.151799999999998,9.631204100000009
3.171800000000001,9.667998299999995
3.1918000000000006,9.653846099999999
3.2118,9.5843328
3.2318,9.4724711
3.2517999999999994,9.358289599999997
3.271799999999999,9.283194399999998
3.2917999999999985,9.279398599999999
3.311799999999998,9.355609900000006
3.331800000000001,9.472142600000005
3.351800000000001,9.573795300000008
3.3718000000000004,9.600813299999999
3.3918,9.5126291
3.4117999999999995,9.318198100000002
3.431799999999999,9.048958360000007
3.4517999999999986,8.761109359999994
3.471799999999998,8.519133019999996
3.4918000000000013,8.376655539999991
3.511800000000001,8.364993910000006
3.5318000000000005,8.483635029999997
3.5518,8.706445220000004
3.5717999999999996,8.980456580000002
3.591799999999999,9.245502549999998
3.611799999999999,9.464406000000004
3.6317999999999984,9.614373300000011
3.651799999999998,9.705714599999997
3.671800000000001,9.751249199999997
3.6918000000000006,9.762223300000002
3.7118,9.737614299999994
3.7318,9.647930800000005
3.7517999999999994,9.463292199999993
3.771799999999999,9.170891500000002
3.7917999999999985,8.7840514
3.811799999999998,8.337800500000004
3.831800000000001,7.8801944000000015
3.851800000000001,7.448869899999998
3.8718000000000004,7.067286220000003
3.8918,6.753590209999999
3.9117999999999995,6.537928680000001
3.931799999999999,6.457672899999999
3.9517999999999986,6.56430217
3.971799999999998,6.893320189999996
3.9918000000000013,7.44400902
4.011800000000001,8.1578957
4.0318000000000005,8.9275393
4.0518,9.621063900000001
4.0718,10.113156499999999
4.091799999999999,10.322965899999996
4.111799999999999,10.2439891
4.131799999999998,9.958679500000008
4.151799999999998,9.575004600000002
4.171800000000001,9.240524500000001
4.191800000000001,9.0609592
4.2118,9.100410799999992
4.2318,9.346472600000004
4.251799999999999,9.740227200000005
4.271799999999999,10.185274500000007
4.2917999999999985,10.571587000000001
4.311799999999998,10.813741899999997
4.331800000000001,10.855964800000002
4.351800000000001,10.671004199999997
4.3718,10.27040529999999
4.3918,9.663419200000002
4.4117999999999995,8.876673200000004
4.431799999999999,7.950987100000004
4.451799999999999,6.9578764400000015
4.471799999999998,5.998292149999999
4.491800000000001,5.1809821999999945
4.511800000000001,4.599272429999998
4.5318000000000005,4.300000559999999
4.5518,4.272592719999999
4.5718,4.4517907899999996
4.591799999999999,4.735901120000004
4.611799999999999,5.024440049999997
4.631799999999998,5.221987569999998
4.651799999999998,5.275324590000001
4.671800000000001,5.17266432
4.691800000000001,4.953815290000005
4.7118,4.690592069999994
4.7318,4.467419450000002
4.751799999999999,4.36487183
4.771799999999999,4.426983820000002
4.7917999999999985,4.6626367900000005
4.811799999999998,5.052148169999997
4.831800000000001,5.549695409999997
4.851800000000001,6.100004739999996
4.8718,6.6468817599999985
4.8918,7.135387159999999
4.9117999999999995,7.521293699999999
4.931799999999999,7.764195600000001
4.951799999999999,7.855559400000002
4.971799999999998,7.790978700000005
4.991800000000001,7.594625700000006
5.011800000000001,7.297007099999999
5.0318000000000005,6.9350696999999935
5.0518,6.544416500000001
5.0718,6.150160100000004
5.091799999999999,5.7698141900000035
5.111799999999999,5.40615528
5.131799999999998,5.050691000000001
5.151799999999998,4.7053022199999965
5.171800000000001,4.372091519999994
5.191800000000001,4.072192759999999
5.2118,3.8308982300000007
5.2318,3.6746790400000005
5.251799999999999,3.6179143999999988
5.271799999999999,3.6695883000000027
5.2917999999999985,3.8336265000000025
5.311799999999998,4.117666540000001
5.331800000000001,4.541797430000003
5.351800000000001,5.128416990000002
5.3718,5.8936960399999965
5.3918,6.8243968299999995
5.4117999999999995,7.861743170000002
5.431799999999999,8.898117619999995
5.451799999999999,9.797828279999997
5.471799999999998,10.414764540000004
5.491800000000001,10.652288489999984
5.511800000000001,10.494125119999994
5.5318000000000005,9.995721549999999
5.5518,9.30644893
5.5718,8.586324339999996
5.591799999999999,7.988019769999998
5.611799999999999,7.5905083700000056
5.631799999999998,7.39089988
5.651799999999998,7.331096249999999
5.671800000000001,7.315433269999998
5.691800000000001,7.263164119999998
5.7118,7.132585939999995
5.7318,6.928148080000001
5.751799999999999,6.678843050000004
5.771799999999999,6.428201989999996
5.7917999999999985,6.216726760000002
5.811799999999998,6.076549140000001
5.831800000000001,6.031075149999998
5.851800000000001,6.108455280000001
5.8718,6.33687147
5.8918,6.724124679999997
5.9117999999999995,7.264753950000004
5.931799999999999,7.905617280000007
5.951799999999999,8.560141679999996
5.971799999999998,9.12455979
5.991800000000001,9.507201749999998
6.011800000000001,9.651122399999997
6.0318000000000005,9.554028790000002
6.0518,9.264595790000008
6.0718,8.869289869999998
6.091799999999999,8.461494889999996
6.111799999999999,8.157986149999996
6.131799999999998,8.03054421
6.151799999999998,8.132658559999998
6.171800000000001,8.463414480000003
6.191800000000001,8.976411879999995
6.2118,9.586772580000002
6.2318,10.195177400000006
6.251799999999999,10.715713019999994
6.271799999999999,11.083844450000013
6.2917999999999985,11.279672440000004
6.311799999999998,11.322122089999999
6.331800000000001,11.257098130000001
6.351800000000001,11.11331060000001
6.3718,10.933806410000003
6.3918,10.72269103999999
6.4117999999999995,10.490271320000003
6.431799999999999,10.247667000000002
6.451799999999999,9.999232490000006
6.471799999999998,9.76073421000001
6.491800000000001,9.547319460000002
6.511800000000001,9.354809630000005
6.5318000000000005,9.174539399999997
6.5518,8.98713659
6.5718,8.80123545000001
6.591799999999999,8.637309249999994
6.611799999999999,8.52507549
6.631799999999998,8.486591859999992
6.651799999999998,8.520873910000004
6.671800000000001,8.588404820000003
6.691800000000001,8.642502809999996
6.7118,8.641958350000003
6.7318,8.568177050000001
6.751799999999999,8.429797430000004
6.771799999999999,8.266651890000002
6.7917999999999985,8.112033940000005
6.811799999999998,7.986718969999997
6.831800000000001,7.903984569999997
6.851800000000001,7.850856269999993
6.8718,7.813707939999997
6.8918,7.77953006
6.9117999999999995,7.742754209999999
6.931799999999999,7.718926519999995
6.951799999999999,7.732681839999998
6.971799999999998,7.818937840000001
6.991800000000001,8.009889300000001
7.011800000000001,8.316963750000003
7.0318000000000005,8.731897100000003
7.0518,9.20178778999999
7.0718,9.659425650000001
7.091799999999999,10.025491030000003
7.111799999999999,10.248451809999994
7.131799999999998,10.321442110000001
7.151799999999998,10.271690330000004
7.171800000000001,10.168076149999997
7.191800000000001,10.072679290000002
7.2118,10.01718555
7.2318,9.989382939999999
7.251799999999999,9.961149760000001
7.271799999999999,9.898657909999995
7.2917999999999985,9.788684040000001
7.311799999999998,9.637511600000003
7.331800000000001,9.458318819999997
7.351800000000001,9.257272730000002
7.3718,9.033376680000002
7.3918,8.771872859999991
7.4117999999999995,8.455814909999999
7.431799999999999,8.090535029999998
7.451799999999999,7.695990789999998
7.471799999999998,7.303685619999991
7.491800000000001,6.951472680000002
7.511800000000001,6.64367938
7.5318000000000005,6.371612950000002
7.5518,6.0788014899999965
7.5718,5.711693980000002
7.591799999999999,5.229706089999999
7.611799999999999,4.63144118
7.631799999999998,3.960887499999999
7.651799999999998,3.2879375500000014
7.671800000000001,2.6938953399999983
7.691800000000001,2.2294804739999994
7.7118,1.9032085420000007
7.7318,1.6835016039999995
7.751799999999999,1.5190863219999982
7.771799999999999,1.3573394449999994
7.7917999999999985,1.171568928299999
7.811799999999998,0.9575632865999996
7.831800000000001,0.7326035421999999
7.851800000000001,0.5213896595
7.8718,0.3438870135399997
7.8918,0.2097229468899999
7.9117999999999995,0.11824923262900006
7.931799999999999,0.06155338854500002
7.951799999999999,0.029603795630200005
7.971799999999998,0.013136615995600008
7.991800000000001,0.005384052457589996
8.011800000000001,0.0020373564464290003
8.0318,0.0007115061075649994
8.0518,0.0002293063130363999
8.0718,0.0000682721741471
