-38.428200000000004,0.00003880711881
-38.4082,0.00007332958020000001
-38.3882,0.00012794625629999998
-38.3682,0.00020670067010000002
-38.348200000000006,0.00030634264040000004
-38.328199999999995,0.0004216020966
-38.3082,0.0005333589890000001
-38.2882,0.0006246661600000001
-38.2682,0.000674335294
-38.2482,0.00067318603
-38.2282,0.000619136686
-38.208200000000005,0.0005263196369999999
-38.1882,0.00041240411400000004
-38.1682,0.00029830718629999994
-38.1482,0.00020001261069999996
-38.1282,0.0001231616026
-38.1082,0.00007011099660000001
-38.0882,0.00003692011675000001
-38.068200000000004,0.00001786890457
-38.0482,0.00000801462925
-38.0282,0.000003316699673
-38.0082,0.000001265110521
-37.9882,4.4592511250000003e-7
-37.968199999999996,1.4511325799999997e-7
-37.9482,4.352870864999999e-8
-37.928200000000004,1.207158088e-8
-37.9082,3.089803267e-9
-37.8882,7.30125424e-10
-37.8682,1.5966055560000002e-10
-37.848200000000006,3.2083810720000006e-11
-37.828199999999995,5.9616001399999996e-12
-37.8082,1.0220288270000001e-12
-37.7882,1.6132074409999998e-13
-37.7682,2.3640813269999998e-14
-37.7482,0
-37.7282,0
-37.708200000000005,0
-37.6882,0
-37.6682,0
-37.6482,0
-37.6282,0
-37.6082,0
-37.5882,0
-37.568200000000004,0
-37.5482,0
-37.5282,0
-37.5082,0
-37.4882,0
-37.468199999999996,0
-37.4482,0
-37.428200000000004,0
-37.4082,0
-37.3882,0
-37.3682,0
-37.348200000000006,0
-37.328199999999995,0
-37.3082,0
-37.2882,0
-37.2682,0
-37.2482,0
-37.2282,0
-37.208200000000005,0
-37.1882,0
-37.1682,0
-37.1482,0
-37.1282,0
-37.1082,0
-37.0882,0
-37.068200000000004,0
-37.0482,0
-37.0282,0
-37.0082,0
-36.9882,0
-36.968199999999996,0
-36.9482,0
-36.928200000000004,0
-36.9082,0
-36.8882,0
-36.8682,1.387469767e-12
-36.848200000000006,9.606903890000001e-12
-36.828199999999995,6.129046129999998e-11
-36.8082,3.6138194799999996e-10
-36.7882,1.96831681e-9
-36.7682,9.895795039999998e-9
-36.7482,4.584024020000001e-8
-36.7282,1.965082953e-7
-36.708200000000005,7.769513240000001e-7
-36.6882,0.0000028348830300000007
-36.6682,0.00000954834181
-36.6482,0.0000296977355
-36.6282,0.00008538415669999996
-36.6082,0.00022614607969999992
-36.5882,0.00055351767
-36.568200000000004,0.0012496730810000005
-36.5482,0.00260548295
-36.5282,0.00501962147
-36.5082,0.008921253020000002
-36.4882,0.014623038650000003
-36.468199999999996,0.0221573079
-36.4482,0.0309725412
-36.428200000000004,0.03997799699999999
-36.4082,0.047659328300000026
-36.3882,0.05249246430000001
-36.3682,0.053363023000000016
-36.348200000000006,0.050266762099999994
-36.328199999999995,0.0439887629
-36.3082,0.036099368100000015
-36.2882,0.0284265649
-36.2682,0.022390827300000006
-36.2482,0.018816971899999996
-36.2282,0.017769454599999998
-36.208200000000005,0.01863892455
-36.1882,0.02042614647
-36.1682,0.022049334
-36.1482,0.022695293599999996
-36.1282,0.021835808900000003
-36.1082,0.019686125000000002
-36.0882,0.016774636420000006
-36.068200000000004,0.013913341660000002
-36.0482,0.011943017099999998
-36.0282,0.0115003539
-36.0082,0.012901394599999996
-35.9882,0.016036291699999997
-35.968199999999996,0.0204451467
-35.9482,0.025306054999999994
-35.928200000000004,0.029724081999999992
-35.9082,0.032890402
-35.8882,0.034354261999999997
-35.8682,0.034119268999999994
-35.848200000000006,0.032620793999999995
-35.828199999999995,0.030460295999999998
-35.8082,0.028358905
-35.7882,0.027051287
-35.7682,0.027236355
-35.7482,0.029522041000000006
-35.7282,0.034525854
-35.708200000000005,0.042472160999999994
-35.6882,0.05278546199999998
-35.6682,0.06401846000000001
-35.6482,0.074251944
-35.6282,0.081526527
-35.6082,0.08414819
-35.5882,0.08151869799999999
-35.568200000000004,0.07428956599999997
-35.5482,0.064147761
-35.5282,0.05280285499999999
-35.5082,0.04184792100000002
-35.4882,0.03215497899999999
-35.468199999999996,0.024347788
-35.4482,0.018455778000000003
-35.428200000000004,0.014340455
-35.4082,0.011697966000000004
-35.3882,0.010193156000000002
-35.3682,0.009427572
-35.348200000000006,0.009038775
-35.328199999999995,0.008737796000000003
-35.3082,0.008324356000000003
-35.2882,0.007720331000000002
-35.2682,0.0069074060000000005
-35.2482,0.0059598185
-35.2282,0.004989296300000001
-35.208200000000005,0.0041368485
-35.1882,0.0035061604999999997
-35.1682,0.0032401021
-35.1482,0.003398525530000001
-35.1282,0.0039903466600000005
-35.1082,0.00493210675
-35.0882,0.006142727809999998
-35.068200000000004,0.007518459399999999
-35.0482,0.00911071569
-35.0282,0.01117893902
-35.0082,0.014127054900000003
-34.9882,0.018448966920000004
-34.968199999999996,0.02445785223
-34.9482,0.0320197229
-34.928200000000004,0.040347270600000006
-34.9082,0.0481759323
-34.8882,0.05400223039999999
-34.8682,0.056616245800000006
-34.848200000000006,0.055543279300000005
-34.828199999999995,0.051201564399999996
-34.8082,0.04472621559999999
-34.7882,0.0376406188
-34.7682,0.031331625
-34.7482,0.026601026200000006
-34.7282,0.023501324100000002
-34.708200000000005,0.021644431199999998
-34.6882,0.0202929257
-34.6682,0.0188104337
-34.6482,0.016803813600000002
-34.6282,0.014247602900000001
-34.6082,0.011381510099999999
-34.5882,0.0085504086
-34.568200000000004,0.006057151560000001
-34.5482,0.00406371276
-34.5282,0.00259650733
-34.5082,0.0015918535
-34.4882,0.0009373741300000001
-34.468199999999996,0.0005323463500000001
-34.4482,0.000291072305
-34.428200000000004,0.00015253686200000002
-34.4082,0.000075908343
-34.3882,0.00003577692239999999
-34.3682,0.0000157737097
-34.3482,0.0000065097894900000005
-34.3282,0.00000250356059
-34.3082,8.93204799e-7
-34.2882,2.957031057e-7
-34.2682,9.0469171e-8
-34.2482,2.5591537980000004e-8
-34.2282,6.689161440000001e-9
-34.2082,1.6185864609999996e-9
-34.1882,3.616713194e-10
-34.1682,7.442215304e-11
-34.1482,1.4149532344000001e-11
-34.1282,2.4892721728e-12
-34.1082,4.034563568e-13
-34.0882,6.053408747e-14
-34.068200000000004,8.355277044e-15
-34.0482,0
-34.0282,0
-34.0082,0
-33.9882,0
-33.968199999999996,0
-33.9482,0
-33.928200000000004,0
-33.9082,0
-33.8882,0
-33.8682,0
-33.8482,0
-33.8282,0
-33.8082,0
-33.7882,0
-33.7682,0
-33.7482,0
-33.7282,0
-33.7082,0
-33.6882,0
-33.6682,0
-33.6482,0
-33.6282,0
-33.6082,0
-33.5882,0
-33.568200000000004,1.9335776509999997e-15
-33.5482,1.413304327e-14
-33.5282,9.541584093000001e-14
-33.5082,5.947576929e-13
-33.4882,3.415898316e-12
-33.468199999999996,1.8144877789999997e-11
-33.4482,8.887482526e-11
-33.428200000000004,4.0291802989999997e-10
-33.4082,1.679963505e-9
-33.3882,6.472824874e-9
-33.3682,2.31029781e-8
-33.3482,7.574788588e-8
-33.3282,2.295588419e-7
-33.3082,6.423359169e-7
-33.2882,0.000001661429033
-33.2682,0.000003964321242
-33.2482,0.000008722441008000001
-33.2282,0.00001773915135
-33.2082,0.00003327428756
-33.1882,0.00005768999520000001
-33.1682,0.00009224537359000001
-33.1482,0.00013609263920000002
-33.1282,0.0001854908363
-33.1082,0.0002334597063
-33.0882,0.0002708540832
-33.068200000000004,0.0002908091782
-33.0482,0.0002872462089
-33.0282,0.00026234159629999997
-33.0082,0.00022112717100000002
-32.9882,0.0001721556419
-32.968199999999996,0.00012373136690000002
-32.9482,0.00008198650654000003
-32.928200000000004,0.00005027095133
-32.9082,0.000028357889750000002
-32.8882,0.000014811688039999999
-32.8682,0.000007137251842
-32.8482,0.0000031771035499999996
-32.8282,0.000001301921915
-32.8082,4.937257773000001e-7
-32.7882,1.7258040989999998e-7
-32.7682,5.574934079e-8
-32.7482,1.659174663e-8
-32.7282,4.566048835e-9
-32.7082,1.1587866010000002e-9
-32.6882,2.723380343e-10
-32.6682,5.883571822e-11
-32.6482,1.175071312e-11
-32.6282,2.167421145e-12
-32.6082,3.694843274e-13
-32.5882,5.805997073e-14
-32.568200000000004,8.405521175000002e-15
-32.5482,0
-32.5282,0
-32.5082,0
-32.4882,0
-32.468199999999996,0
-32.4482,0
-32.428200000000004,0
-32.4082,0
-32.3882,0
-32.3682,0
-32.3482,0
-32.3282,0
-32.3082,0
-32.2882,0
-32.2682,0
-32.2482,0
-32.2282,0
-32.2082,0
-32.1882,0
-32.1682,0
-32.1482,0
-32.1282,0
-32.1082,0
-32.0882,0
-32.068200000000004,0
-32.0482,0
-32.0282,0
-32.0082,0
-31.9882,0
-31.9682,0
-31.9482,0
-31.9282,0
-31.9082,0
-31.8882,0
-31.8682,0
-31.8482,0
-31.828200000000002,0
-31.8082,0
-31.7882,0
-31.7682,0
-31.7482,0
-31.7282,0
-31.708199999999998,0
-31.688200000000002,0
-31.6682,0
-31.648200000000003,0
-31.6282,0
-31.6082,0
-31.5882,0
-31.5682,0
-31.5482,0
-31.5282,0
-31.508200000000002,0
-31.4882,0
-31.4682,0
-31.4482,0
-31.4282,0
-31.4082,0
-31.3882,0
-31.3682,0
-31.3482,0
-31.328200000000002,0
-31.3082,0
-31.2882,0
-31.2682,0
-31.2482,0
-31.2282,0
-31.208199999999998,0
-31.188200000000002,0
-31.1682,0
-31.148200000000003,0
-31.1282,0
-31.1082,0
-31.0882,0
-31.0682,0
-31.0482,0
-31.0282,0
-31.008200000000002,0
-30.9882,0
-30.9682,0
-30.9482,0
-30.9282,0
-30.9082,0
-30.8882,0
-30.8682,0
-30.8482,0
-30.828200000000002,0
-30.8082,0
-30.7882,0
-30.7682,0
-30.7482,0
-30.7282,0
-30.708199999999998,0
-30.688200000000002,0
-30.6682,0
-30.648200000000003,0
-30.6282,0
-30.6082,0
-30.5882,0
-30.5682,0
-30.5482,0
-30.5282,0
-30.508200000000002,0
-30.4882,0
-30.4682,0
-30.4482,0
-30.4282,0
-30.4082,0
-30.3882,0
-30.3682,0
-30.3482,0
-30.328200000000002,0
-30.3082,0
-30.2882,0
-30.2682,0
-30.2482,0
-30.2282,0
-30.208199999999998,0
-30.188200000000002,0
-30.1682,0
-30.148200000000003,0
-30.1282,0
-30.1082,0
-30.0882,0
-30.0682,0
-30.0482,0
-30.0282,0
-30.008200000000002,0
-29.9882,0
-29.9682,0
-29.9482,0
-29.9282,0
-29.9082,0
-29.8882,0
-29.8682,0
-29.8482,0
-29.828200000000002,0
-29.8082,0
-29.7882,0
-29.7682,0
-29.7482,0
-29.7282,0
-29.708199999999998,0
-29.688200000000002,0
-29.6682,0
-29.648200000000003,0
-29.6282,0
-29.6082,0
-29.5882,0
-29.5682,0
-29.5482,0
-29.5282,0
-29.508200000000002,0
-29.4882,0
-29.4682,0
-29.4482,0
-29.4282,0
-29.4082,0
-29.3882,0
-29.3682,0
-29.3482,0
-29.328200000000002,0
-29.3082,0
-29.2882,0
-29.2682,0
-29.2482,0
-29.2282,0
-29.208199999999998,0
-29.188200000000002,0
-29.1682,0
-29.148200000000003,0
-29.1282,0
-29.1082,0
-29.0882,0
-29.0682,0
-29.0482,0
-29.0282,0
-29.008200000000002,0
-28.9882,0
-28.9682,0
-28.9482,0
-28.9282,0
-28.9082,0
-28.8882,0
-28.8682,0
-28.8482,0
-28.828200000000002,0
-28.8082,0
-28.7882,0
-28.7682,0
-28.7482,0
-28.7282,0
-28.708199999999998,0
-28.688200000000002,0
-28.6682,0
-28.648200000000003,0
-28.6282,0
-28.6082,0
-28.5882,0
-28.5682,0
-28.5482,0
-28.5282,0
-28.508200000000002,0
-28.4882,0
-28.4682,0
-28.4482,0
-28.4282,0
-28.4082,0
-28.3882,0
-28.3682,0
-28.3482,0
-28.328200000000002,0
-28.3082,0
-28.2882,0
-28.2682,0
-28.2482,0
-28.2282,0
-28.208199999999998,0
-28.188200000000002,0
-28.1682,0
-28.148200000000003,0
-28.1282,0
-28.1082,0
-28.0882,0
-28.0682,0
-28.0482,0
-28.0282,0
-28.008200000000002,0
-27.9882,0
-27.9682,0
-27.9482,0
-27.9282,0
-27.9082,0
-27.8882,0
-27.8682,0
-27.8482,0
-27.828200000000002,0
-27.8082,0
-27.7882,0
-27.7682,0
-27.7482,0
-27.7282,0
-27.708199999999998,0
-27.688200000000002,0
-27.6682,0
-27.648200000000003,0
-27.6282,0
-27.6082,0
-27.5882,0
-27.5682,0
-27.5482,0
-27.5282,0
-27.508200000000002,0
-27.4882,0
-27.4682,0
-27.4482,0
-27.4282,0
-27.4082,0
-27.3882,0
-27.3682,0
-27.3482,0
-27.328200000000002,0
-27.3082,0
-27.2882,0
-27.2682,0
-27.2482,0
-27.2282,0
-27.208199999999998,0
-27.188200000000002,0
-27.1682,0
-27.148200000000003,0
-27.1282,0
-27.1082,0
-27.0882,0
-27.0682,0
-27.0482,0
-27.0282,0
-27.008200000000002,0
-26.9882,0
-26.9682,0
-26.9482,0
-26.9282,0
-26.9082,0
-26.8882,0
-26.8682,0
-26.8482,0
-26.828200000000002,0
-26.8082,0
-26.7882,0
-26.7682,0
-26.7482,0
-26.7282,0
-26.708199999999998,0
-26.688200000000002,0
-26.6682,0
-26.648200000000003,0
-26.6282,0
-26.6082,0
-26.5882,0
-26.5682,0
-26.5482,0
-26.5282,0
-26.508200000000002,0
-26.4882,0
-26.4682,0
-26.4482,0
-26.4282,0
-26.4082,0
-26.3882,0
-26.3682,0
-26.3482,0
-26.328200000000002,0
-26.3082,0
-26.2882,0
-26.2682,0
-26.2482,0
-26.2282,0
-26.2082,0
-26.188200000000002,0
-26.1682,0
-26.1482,0
-26.1282,0
-26.1082,0
-26.0882,0
-26.0682,0
-26.0482,0
-26.0282,0
-26.008200000000002,0
-25.9882,0
-25.9682,0
-25.9482,0
-25.9282,0
-25.9082,0
-25.8882,0
-25.8682,0
-25.8482,0
-25.828200000000002,0
-25.8082,0
-25.7882,0
-25.7682,0
-25.7482,0
-25.7282,0
-25.7082,0
-25.688200000000002,0
-25.6682,0
-25.6482,0
-25.6282,0
-25.6082,0
-25.5882,0
-25.5682,0
-25.5482,0
-25.5282,0
-25.508200000000002,0
-25.4882,0
-25.4682,0
-25.4482,0
-25.4282,0
-25.4082,0
-25.3882,0
-25.3682,0
-25.3482,0
-25.328200000000002,0
-25.3082,0
-25.2882,0
-25.2682,0
-25.2482,0
-25.2282,0
-25.2082,0
-25.188200000000002,0
-25.1682,0
-25.1482,0
-25.1282,0
-25.1082,0
-25.0882,0
-25.0682,0
-25.0482,0
-25.0282,0
-25.008200000000002,0
-24.9882,0
-24.9682,0
-24.9482,0
-24.9282,0
-24.9082,0
-24.8882,0
-24.8682,0
-24.8482,0
-24.828200000000002,0
-24.8082,0
-24.7882,0
-24.7682,0
-24.7482,0
-24.7282,0
-24.7082,0
-24.688200000000002,0
-24.6682,0
-24.6482,0
-24.6282,0
-24.6082,0
-24.5882,0
-24.5682,0
-24.5482,0
-24.5282,0
-24.508200000000002,0
-24.4882,0
-24.4682,0
-24.4482,0
-24.4282,0
-24.4082,0
-24.3882,0
-24.3682,0
-24.3482,0
-24.328200000000002,0
-24.3082,0
-24.2882,0
-24.2682,0
-24.2482,0
-24.2282,0
-24.2082,0
-24.188200000000002,0
-24.1682,0
-24.1482,0
-24.1282,0
-24.1082,0
-24.0882,0
-24.0682,0
-24.0482,0
-24.0282,0
-24.008200000000002,0
-23.9882,0
-23.9682,0
-23.9482,0
-23.9282,0
-23.9082,0
-23.8882,0
-23.8682,0
-23.8482,0
-23.828200000000002,0
-23.8082,0
-23.7882,0
-23.7682,0
-23.7482,0
-23.7282,0
-23.7082,0
-23.688200000000002,0
-23.6682,0
-23.6482,0
-23.6282,0
-23.6082,0
-23.5882,0
-23.5682,0
-23.5482,0
-23.5282,0
-23.508200000000002,0
-23.4882,0
-23.4682,0
-23.4482,0
-23.4282,0
-23.4082,0
-23.3882,0
-23.3682,0
-23.3482,0
-23.328200000000002,0
-23.3082,0
-23.2882,0
-23.2682,0
-23.2482,0
-23.2282,0
-23.2082,0
-23.188200000000002,0
-23.1682,0
-23.1482,0
-23.1282,0
-23.1082,0
-23.0882,0
-23.0682,0
-23.0482,0
-23.0282,0
-23.008200000000002,0
-22.9882,0
-22.9682,0
-22.9482,0
-22.9282,0
-22.9082,0
-22.8882,0
-22.8682,0
-22.8482,0
-22.828200000000002,0
-22.8082,0
-22.7882,0
-22.7682,0
-22.7482,0
-22.7282,0
-22.7082,0
-22.688200000000002,0
-22.6682,0
-22.6482,0
-22.6282,0
-22.6082,0
-22.5882,0
-22.5682,0
-22.5482,0
-22.5282,0
-22.508200000000002,0
-22.4882,0
-22.4682,0
-22.4482,0
-22.4282,0
-22.4082,0
-22.3882,0
-22.3682,0
-22.3482,0
-22.3282,0
-22.3082,0
-22.2882,0
-22.2682,0
-22.2482,0
-22.2282,0
-22.2082,0
-22.188200000000002,0
-22.1682,0
-22.1482,0
-22.1282,0
-22.1082,0
-22.0882,0
-22.0682,0
-22.0482,0
-22.028200000000002,0
-22.008200000000002,0
-21.9882,0
-21.9682,0
-21.9482,0
-21.9282,0
-21.9082,0
-21.8882,0
-21.8682,0
-21.8482,0
-21.8282,0
-21.8082,0
-21.7882,0
-21.7682,0
-21.7482,0
-21.7282,0
-21.7082,0
-21.688200000000002,0
-21.6682,0
-21.6482,0
-21.6282,0
-21.6082,0
-21.5882,0
-21.5682,0
-21.5482,0
-21.528200000000002,0
-21.508200000000002,0
-21.4882,0
-21.4682,0
-21.4482,0
-21.4282,0
-21.4082,0
-21.3882,0
-21.3682,0
-21.3482,0
-21.3282,0
-21.3082,0
-21.2882,0
-21.2682,0
-21.2482,0
-21.2282,0
-21.2082,0
-21.188200000000002,0
-21.1682,0
-21.1482,0
-21.1282,0
-21.1082,0
-21.0882,0
-21.0682,0
-21.0482,0
-21.028200000000002,0
-21.008200000000002,0
-20.9882,0
-20.9682,0
-20.9482,0
-20.9282,0
-20.9082,0
-20.8882,0
-20.8682,0
-20.8482,0
-20.8282,0
-20.8082,0
-20.7882,0
-20.7682,0
-20.7482,0
-20.7282,0
-20.7082,0
-20.688200000000002,0
-20.6682,0
-20.6482,0
-20.6282,0
-20.6082,0
-20.5882,0
-20.5682,0
-20.5482,0
-20.528200000000002,0
-20.508200000000002,0
-20.4882,0
-20.4682,0
-20.4482,0
-20.4282,0
-20.4082,0
-20.3882,0
-20.3682,0
-20.3482,0
-20.3282,0
-20.3082,0
-20.2882,0
-20.2682,0
-20.2482,0
-20.2282,0
-20.2082,0
-20.188200000000002,0
-20.1682,0
-20.1482,0
-20.1282,0
-20.1082,0
-20.0882,0
-20.0682,0
-20.0482,0
-20.028200000000002,0
-20.008200000000002,0
-19.9882,0
-19.9682,0
-19.9482,0
-19.9282,0
-19.9082,0
-19.8882,0
-19.8682,0
-19.8482,0
-19.8282,0
-19.8082,0
-19.7882,0
-19.7682,0
-19.7482,0
-19.7282,0
-19.7082,0
-19.688200000000002,0
-19.6682,0
-19.6482,0
-19.6282,0
-19.6082,0
-19.5882,0
-19.5682,0
-19.5482,0
-19.528200000000002,0
-19.508200000000002,0
-19.4882,0
-19.4682,0
-19.4482,0
-19.4282,0
-19.4082,0
-19.3882,0
-19.3682,0
-19.348200000000002,0
-19.3282,0
-19.3082,0
-19.2882,0
-19.2682,0
-19.2482,0
-19.2282,0
-19.2082,0
-19.188200000000002,0
-19.1682,0
-19.1482,0
-19.1282,0
-19.1082,0
-19.0882,0
-19.0682,0
-19.0482,0
-19.028200000000002,0
-19.0082,0
-18.9882,0
-18.9682,0
-18.9482,0
-18.9282,0
-18.9082,0
-18.8882,0
-18.8682,0
-18.848200000000002,0
-18.8282,0
-18.8082,0
-18.7882,0
-18.7682,0
-18.7482,0
-18.7282,0
-18.7082,0
-18.688200000000002,0
-18.6682,0
-18.6482,0
-18.6282,0
-18.6082,0
-18.5882,0
-18.5682,0
-18.5482,0
-18.528200000000002,0
-18.5082,0
-18.4882,0
-18.4682,0
-18.4482,0
-18.4282,0
-18.4082,0
-18.3882,0
-18.3682,0
-18.348200000000002,0
-18.3282,0
-18.3082,0
-18.2882,0
-18.2682,0
-18.2482,0
-18.2282,0
-18.2082,0
-18.188200000000002,0
-18.1682,0
-18.1482,0
-18.1282,0
-18.1082,0
-18.0882,0
-18.0682,0
-18.0482,0
-18.028200000000002,0
-18.0082,0
-17.9882,0
-17.9682,0
-17.9482,0
-17.9282,0
-17.9082,0
-17.8882,0
-17.8682,0
-17.848200000000002,0
-17.8282,0
-17.8082,0
-17.7882,0
-17.7682,0
-17.7482,0
-17.7282,0
-17.7082,0
-17.688200000000002,0
-17.6682,0
-17.6482,0
-17.6282,0
-17.6082,0
-17.5882,0
-17.5682,0
-17.5482,0
-17.528200000000002,0
-17.5082,0
-17.4882,0
-17.4682,0
-17.4482,0
-17.4282,0
-17.4082,0
-17.3882,0
-17.3682,0
-17.3482,0
-17.3282,0
-17.3082,0
-17.2882,0
-17.2682,0
-17.2482,0
-17.2282,0
-17.2082,0
-17.188200000000002,0
-17.1682,0
-17.1482,0
-17.1282,0
-17.1082,0
-17.0882,0
-17.0682,0
-17.0482,0
-17.028200000000002,0
-17.008200000000002,0
-16.9882,0
-16.9682,0
-16.9482,0
-16.9282,0
-16.9082,0
-16.8882,0
-16.8682,0
-16.8482,0
-16.8282,0
-16.8082,0
-16.7882,0
-16.7682,0
-16.7482,0
-16.7282,0
-16.7082,0
-16.688200000000002,0
-16.6682,0
-16.6482,0
-16.6282,0
-16.6082,0
-16.5882,0
-16.5682,0
-16.5482,0
-16.528200000000002,0
-16.508200000000002,0
-16.4882,0
-16.4682,0
-16.4482,0
-16.4282,0
-16.4082,0
-16.3882,0
-16.3682,0
-16.3482,0
-16.3282,0
-16.3082,0
-16.2882,0
-16.2682,0
-16.2482,0
-16.2282,0
-16.2082,0
-16.188200000000002,0
-16.1682,0
-16.1482,0
-16.1282,0
-16.1082,0
-16.0882,0
-16.0682,0
-16.0482,0
-16.028200000000002,0
-16.008200000000002,0
-15.9882,0
-15.9682,0
-15.9482,0
-15.9282,0
-15.9082,0
-15.888200000000001,0
-15.8682,0
-15.8482,0
-15.8282,0
-15.8082,0
-15.7882,0
-15.7682,0
-15.7482,0
-15.728200000000001,0
-15.7082,0
-15.6882,0
-15.6682,0
-15.648200000000001,0
-15.6282,0
-15.6082,0
-15.5882,0
-15.568200000000001,0
-15.548200000000001,0
-15.5282,0
-15.5082,0
-15.4882,0
-15.4682,0
-15.4482,0
-15.4282,0
-15.4082,0
-15.388200000000001,0
-15.3682,0
-15.3482,0
-15.3282,0
-15.3082,0
-15.2882,0
-15.2682,0
-15.2482,0
-15.228200000000001,0
-15.2082,0
-15.1882,0
-15.1682,0
-15.148200000000001,0
-15.1282,0
-15.1082,0
-15.0882,0
-15.068200000000001,0
-15.048200000000001,0
-15.0282,0
-15.0082,0
-14.9882,0
-14.9682,0
-14.9482,0
-14.9282,0
-14.9082,0
-14.888200000000001,0
-14.8682,0
-14.8482,0
-14.8282,0
-14.8082,0
-14.7882,0
-14.7682,0
-14.7482,0
-14.728200000000001,0
-14.7082,0
-14.6882,0
-14.6682,0
-14.648200000000001,0
-14.6282,0
-14.6082,0
-14.5882,0
-14.568200000000001,0
-14.548200000000001,0
-14.5282,0
-14.5082,0
-14.4882,0
-14.4682,0
-14.4482,0
-14.4282,0
-14.4082,0
-14.388200000000001,0
-14.368200000000002,0
-14.3482,0
-14.3282,0
-14.3082,0
-14.2882,0
-14.2682,0
-14.2482,0
-14.228200000000001,0
-14.208200000000001,0
-14.1882,0
-14.1682,0
-14.1482,0
-14.1282,0
-14.1082,0
-14.0882,0
-14.068200000000001,0
-14.048200000000001,0
-14.0282,0
-14.0082,0
-13.988199999999999,0
-13.9682,0
-13.9482,0
-13.9282,0
-13.9082,0
-13.888200000000001,0
-13.868200000000002,0
-13.8482,0
-13.8282,0
-13.8082,0
-13.7882,0
-13.7682,0
-13.7482,0
-13.728200000000001,0
-13.708200000000001,0
-13.6882,0
-13.6682,0
-13.6482,0
-13.6282,0
-13.6082,0
-13.5882,0
-13.568200000000001,0
-13.548200000000001,0
-13.5282,0
-13.5082,0
-13.488199999999999,0
-13.4682,0
-13.4482,0
-13.4282,0
-13.4082,0
-13.388200000000001,0
-13.368200000000002,0
-13.3482,0
-13.3282,0
-13.3082,0
-13.2882,0
-13.2682,0
-13.2482,0
-13.228200000000001,0
-13.208200000000001,0
-13.1882,0
-13.1682,0
-13.1482,0
-13.1282,0
-13.1082,0
-13.0882,0
-13.068200000000001,0
-13.048200000000001,0
-13.0282,0
-13.0082,0
-12.988199999999999,0
-12.9682,0
-12.9482,0
-12.9282,0
-12.9082,0
-12.888200000000001,0
-12.868200000000002,0
-12.8482,0
-12.8282,0
-12.8082,0
-12.7882,0
-12.7682,0
-12.7482,0
-12.728200000000001,0
-12.708200000000001,0
-12.6882,0
-12.6682,0
-12.6482,0
-12.6282,0
-12.6082,0
-12.5882,0
-12.568200000000001,0
-12.548200000000001,0
-12.5282,0
-12.5082,0
-12.488199999999999,0
-12.4682,0
-12.4482,0
-12.4282,0
-12.4082,0
-12.388200000000001,0
-12.368200000000002,0
-12.3482,0
-12.3282,0
-12.3082,0
-12.2882,0
-12.2682,0
-12.2482,0
-12.228200000000001,0
-12.208200000000001,0
-12.1882,0
-12.1682,0
-12.1482,0
-12.1282,0
-12.1082,0
-12.0882,0
-12.068200000000001,0
-12.048200000000001,0
-12.0282,0
-12.0082,0
-11.988199999999999,0
-11.9682,0
-11.9482,0
-11.9282,0
-11.9082,0
-11.888200000000001,0
-11.868200000000002,0
-11.8482,0
-11.8282,0
-11.8082,0
-11.7882,0
-11.7682,0
-11.7482,0
-11.728200000000001,0
-11.708200000000001,0
-11.6882,0
-11.6682,0
-11.6482,0
-11.6282,0
-11.6082,0
-11.5882,0
-11.568200000000001,0
-11.548200000000001,0
-11.5282,0
-11.5082,0
-11.488199999999999,0
-11.4682,0
-11.4482,0
-11.4282,0
-11.4082,0
-11.388200000000001,0
-11.368200000000002,0
-11.3482,0
-11.3282,0
-11.3082,0
-11.2882,0
-11.2682,0
-11.2482,0
-11.228200000000001,0
-11.208200000000001,0
-11.1882,0
-11.1682,0
-11.1482,0
-11.1282,0
-11.1082,0
-11.0882,0
-11.068200000000001,0
-11.048200000000001,0
-11.0282,0
-11.0082,0
-10.988199999999999,0
-10.9682,0
-10.9482,0
-10.9282,0
-10.9082,0
-10.888200000000001,0
-10.868200000000002,0
-10.8482,0
-10.8282,0
-10.8082,0
-10.7882,0
-10.7682,0
-10.7482,0
-10.728200000000001,0
-10.708200000000001,0
-10.6882,0
-10.6682,0
-10.6482,0
-10.6282,0
-10.6082,0
-10.5882,0
-10.568200000000001,0
-10.548200000000001,0
-10.5282,0
-10.5082,0
-10.488199999999999,0
-10.4682,0
-10.4482,0
-10.4282,0
-10.4082,0
-10.388200000000001,0
-10.3682,0
-10.3482,0
-10.3282,0
-10.308200000000001,0
-10.2882,0
-10.2682,0
-10.2482,0
-10.228200000000001,0
-10.2082,0
-10.1882,0
-10.1682,0
-10.148200000000001,0
-10.1282,0
-10.1082,0
-10.0882,0
-10.068200000000001,0
-10.0482,0
-10.0282,0
-10.0082,0
-9.9882,0
-9.9682,0
-9.9482,0
-9.9282,0
-9.9082,0
-9.888200000000001,0
-9.8682,0
-9.8482,0
-9.8282,0
-9.808200000000001,0
-9.7882,0
-9.7682,0
-9.7482,0
-9.728200000000001,0
-9.7082,0
-9.6882,0
-9.6682,0
-9.648200000000001,0
-9.6282,0
-9.6082,0
-9.5882,0
-9.568200000000001,0
-9.5482,0
-9.5282,0
-9.5082,0
-9.4882,0
-9.4682,0
-9.4482,0
-9.4282,0
-9.4082,0
-9.388200000000001,0
-9.3682,0
-9.3482,0
-9.3282,0
-9.308200000000001,0
-9.2882,0
-9.2682,0
-9.2482,0
-9.228200000000001,0
-9.2082,0
-9.1882,0
-9.1682,0
-9.148200000000001,0
-9.1282,0
-9.1082,6.530734750000001e-12
-9.0882,4.58505735e-11
-9.068200000000001,2.96546457e-10
-9.0482,1.7723474180000002e-9
-9.0282,9.777658580000004e-9
-9.0082,4.98263752e-8
-8.9882,2.3398749000000002e-7
-8.9682,0.0000010161668639999998
-8.9482,0.00000407087036
-8.9282,0.000015042233830000002
-8.9082,0.0000513682193
-8.888200000000001,0.0001619413366
-8.8682,0.00047120989500000016
-8.8482,0.001266207889
-8.8282,0.00314449625
-8.808200000000001,0.00721637112
-8.7882,0.015311751370000003
-8.7682,0.030043377699999995
-8.7482,0.05455995990000001
-8.728200000000001,0.09215360480000004
-8.7082,0.14502811200000001
-8.6882,0.21376577600000002
-8.6682,0.29709709900000003
-8.648200000000001,0.39325572999999997
-8.6282,0.5033743599999998
-8.6082,0.6302385899999999
-8.5882,0.7802678699999999
-8.568200000000001,0.96080476
-8.5482,1.17175891
-8.5282,1.4013276999999995
-8.5082,1.6243606
-8.4882,1.8141614199999998
-8.4682,1.9359364200000002
-8.4482,1.9772974999999995
-8.4282,1.9429893999999994
-8.4082,1.8538492999999996
-8.388200000000001,1.7540286
-8.3682,1.6804031
-8.3482,1.6678519
-8.3282,1.7330779000000003
-8.308200000000001,1.8694297999999998
-8.2882,2.066314
-8.2682,2.3188527000000003
-8.2482,2.596809800000001
-8.228200000000001,2.9175039999999997
-8.2082,3.2873952999999996
-8.1882,3.714922299999999
-8.1682,4.2098422000000015
-8.148200000000001,4.751378100000003
-8.1282,5.3119238
-8.1082,5.844672800000001
-8.0882,6.287553100000002
-8.068200000000001,6.5251483
-8.0482,6.514085750000002
-8.0282,6.21361846
-8.0082,5.664827
-7.988200000000001,4.961839830000001
-7.9681999999999995,4.241592639999999
-7.9482,3.674524
-7.9282,3.3346783000000015
-7.908200000000001,3.2834098
-7.888200000000001,3.4847004999999998
-7.8682,3.8110369000000004
-7.8482,4.1465116
-7.828200000000001,4.3452214000000025
-7.808200000000001,4.3412101000000005
-7.7882,4.086487499999999
-7.7682,3.647285
-7.748200000000001,3.0975239
-7.728200000000001,2.5311268000000005
-7.7082,2.0089915000000005
-7.6882,1.5866247000000002
-7.668200000000001,1.2636031000000003
-7.648200000000001,1.0305332
-7.6282,0.8643218000000003
-7.6082,0.7441778
-7.5882000000000005,0.6556886
-7.568200000000001,0.5882286000000002
-7.5482,0.539869
-7.5282,0.5115797999999999
-7.5082,0.5025944999999999
-7.488200000000001,0.5118338000000001
-7.4681999999999995,0.5330380900000001
-7.4482,0.56377915
-7.4282,0.59549301
-7.408200000000001,0.6270093000000002
-7.388200000000001,0.65153219
-7.3682,0.6708268199999999
-7.3482,0.6814705099999999
-7.328200000000001,0.6840015000000002
-7.308200000000001,0.67713295
-7.2882,0.6629456999999999
-7.2682,0.64337441
-7.248200000000001,0.6241740500000001
-7.228200000000001,0.6122399299999999
-7.2082,0.6136351099999999
-7.1882,0.6282272800000002
-7.168200000000001,0.6545902500000002
-7.148200000000001,0.6823659100000001
-7.1282,0.6984879999999999
-7.1082,0.6938172000000001
-7.0882000000000005,0.6614912
-7.068200000000001,0.6029539999999999
-7.0482,0.5263602000000002
-7.0282,0.4439672
-7.0082,0.3695101
-6.988200000000001,0.31677331999999997
-6.9681999999999995,0.29687191999999996
-6.9482,0.31812007
-6.9282,0.38452190999999997
-6.908200000000001,0.49646417000000004
-6.888200000000001,0.64604444
-6.8682,0.8262916000000001
-6.8482,1.0265614000000003
-6.828200000000001,1.2416869
-6.808200000000001,1.4690178000000003
-6.7882,1.7088124999999992
-6.7682,1.9623340999999999
-6.748200000000001,2.2406869000000005
-6.728200000000001,2.5471008000000004
-6.7082,2.899002999999999
-6.6882,3.2757826
-6.668200000000001,3.664218799999999
-6.648200000000001,4.0422538999999995
-6.6282,4.346695400000001
-6.6082,4.561478399999998
-6.5882000000000005,4.647006400000001
-6.568200000000001,4.610993000000001
-6.5482,4.4815515999999995
-6.5282,4.328877100000001
-6.5082,4.1835445999999985
-6.488200000000001,4.08719
-6.4681999999999995,4.054422000000001
-6.4482,4.081678999999999
-6.4282,4.142056000000001
-6.408200000000001,4.219735000000001
-6.388200000000001,4.294053
-6.3682,4.3490160000000015
-6.3482,4.356037000000001
-6.328200000000001,4.3364460000000005
-6.308200000000001,4.282924000000001
-6.2882,4.224422
-6.2682,4.186142
-6.248200000000001,4.196911000000001
-6.228200000000001,4.256124
-6.2082,4.3600200000000005
-6.1882,4.511504999999998
-6.168200000000001,4.704509
-6.148200000000001,4.960305000000001
-6.1282,5.262764
-6.1082,5.608905
-6.0882000000000005,5.995463000000001
-6.068200000000001,6.347378999999999
-6.0482,6.6126130000000005
-6.0282,6.7533959999999995
-6.0082,6.732785
-5.988200000000001,6.552156000000001
-5.9681999999999995,6.271985999999998
-5.9482,5.913892000000001
-5.9282,5.559725000000001
-5.908200000000001,5.258028999999999
-5.888200000000001,5.0499600000000004
-5.8682,4.9623550000000005
-5.8482,5.023475999999999
-5.828200000000001,5.257835
-5.808200000000001,5.670323
-5.7882,6.242033999999999
-5.7682,6.934320000000003
-5.748200000000001,7.671054999999999
-5.728200000000001,8.383204000000001
-5.7082,8.991202
-5.6882,9.455898000000001
-5.668200000000001,9.770751999999998
-5.648200000000001,9.962888
-5.6282,10.043454999999998
-5.6082,10.047353000000001
-5.5882000000000005,10.034781999999996
-5.568200000000001,9.984705999999997
-5.5482,9.918977000000002
-5.5282,9.839918
-5.5082,9.72785
-5.488200000000001,9.608871
-5.4681999999999995,9.466565
-5.4482,9.314185
-5.4282,9.159066
-5.408200000000001,9.018188
-5.388200000000001,8.912144000000001
-5.3682,8.838279000000002
-5.3482,8.797877
-5.328200000000001,8.785142999999998
-5.308200000000001,8.767322
-5.2882,8.6846
-5.2682,8.514845
-5.248200000000001,8.25754
-5.228200000000001,7.9282889999999995
-5.2082,7.553267
-5.1882,7.173522
-5.168200000000001,6.7825058
-5.148200000000001,6.4057585999999995
-5.1282,6.031040399999999
-5.1082,5.676379000000001
-5.0882000000000005,5.354029
-5.068200000000001,5.092015999999999
-5.0482,4.916548
-5.0282,4.827627000000001
-5.0082,4.829703
-4.988200000000001,4.876446000000001
-4.9681999999999995,4.929386
-4.9482,4.939938
-4.9282,4.876621000000001
-4.908200000000001,4.735409000000001
-4.888200000000001,4.546324
-4.8682,4.338225
-4.8482,4.163005
-4.828200000000001,4.057404999999999
-4.808200000000001,4.046595
-4.7882,4.108475
-4.7682,4.2401789999999995
-4.748200000000001,4.408758
-4.728200000000001,4.569561
-4.7082,4.716900000000001
-4.6882,4.8386830000000005
-4.668200000000001,4.9416899999999995
-4.648200000000001,5.041137000000001
-4.6282,5.139297000000001
-4.6082,5.220181
-4.5882000000000005,5.269772999999998
-4.568200000000001,5.274926000000001
-4.5482,5.220036
-4.5282,5.106908999999999
-4.5082,4.948519
-4.488200000000001,4.755425
-4.4681999999999995,4.5501320000000005
-4.4482,4.352895999999999
-4.4282,4.178161000000001
-4.408200000000001,4.0483340000000005
-4.388200000000001,3.9761929999999994
-4.3682,3.9690739999999995
-4.3482,4.019137
-4.328200000000001,4.11489
-4.308200000000001,4.231932
-4.2882,4.343563
-4.2682,4.426584
-4.248200000000001,4.4738950000000015
-4.228200000000001,4.488684
-4.2082,4.48997
-4.1882,4.494378000000001
-4.168200000000001,4.523467000000001
-4.148200000000001,4.605123999999999
-4.1282,4.744696000000001
-4.1082,4.942366
-4.0882000000000005,5.177581000000001
-4.068200000000001,5.424931999999999
-4.0482,5.643196000000001
-4.0282,5.808490000000001
-4.0082,5.876473
-3.988200000000001,5.853064999999999
-3.9681999999999995,5.732892999999999
-3.9482,5.5384400000000005
-3.9282000000000004,5.316702
-3.908200000000001,5.091192999999998
-3.888200000000001,4.899407
-3.8682,4.753994
-3.8482000000000003,4.667211999999999
-3.8282000000000007,4.625490000000001
-3.808200000000001,4.6176379999999995
-3.7882,4.621362
-3.7682,4.623678000000001
-3.7482000000000006,4.6060050000000015
-3.728200000000001,4.562941000000001
-3.7081999999999997,4.501817
-3.6882,4.423518999999999
-3.6682000000000006,4.341317999999999
-3.648200000000001,4.25181
-3.6281999999999996,4.158566999999999
-3.6082,4.054964
-3.5882000000000005,3.9494110000000004
-3.568200000000001,3.845736000000001
-3.5481999999999996,3.753563
-3.5282,3.691083
-3.5082000000000004,3.6629249999999995
-3.488200000000001,3.670177
-3.4681999999999995,3.705792000000002
-3.4482,3.752437000000001
-3.4282000000000004,3.8049089999999994
-3.408200000000001,3.845828000000001
-3.388200000000001,3.871654
-3.3682,3.8898319999999984
-3.3482000000000003,3.9001720000000004
-3.3282000000000007,3.9032240000000007
-3.308200000000001,3.9120489999999997
-3.2882,3.9259939999999993
-3.2682,3.9524540000000004
-3.2482000000000006,3.9918189999999996
-3.228200000000001,4.052463999999999
-3.2081999999999997,4.133485999999999
-3.1882,4.234203
-3.1682000000000006,4.347001999999999
-3.148200000000001,4.464633
-3.1281999999999996,4.583182
-3.1082,4.691957999999999
-3.0882000000000005,4.792433000000001
-3.068200000000001,4.874521
-3.0481999999999996,4.9394
-3.0282,4.977652
-3.0082000000000004,4.988685999999999
-2.988200000000001,4.973998999999999
-2.9681999999999995,4.943620000000001
-2.9482,4.908086999999999
-2.9282000000000004,4.887668999999999
-2.908200000000001,4.888971
-2.888200000000001,4.909115
-2.8682,4.948156999999999
-2.8482000000000003,4.985569999999999
-2.8282000000000007,5.014229
-2.808200000000001,5.0245180000000005
-2.7882,5.025995999999999
-2.7682,5.02216
-2.7482000000000006,5.02606
-2.728200000000001,5.045840000000001
-2.7081999999999997,5.0718499999999995
-2.6882,5.097670000000001
-2.6682000000000006,5.106679999999999
-2.648200000000001,5.105719999999999
-2.6281999999999996,5.075100000000001
-2.6082,5.030390000000001
-2.5882000000000005,4.95984
-2.568200000000001,4.892399999999999
-2.5481999999999996,4.8212399999999995
-2.5282,4.758800000000002
-2.5082000000000004,4.698599999999999
-2.488200000000001,4.65183
-2.4681999999999995,4.616530000000002
-2.4482,4.583469999999998
-2.4282000000000004,4.554149999999998
-2.408200000000001,4.5258
-2.388200000000001,4.502059999999998
-2.3682000000000016,4.48536
-2.348200000000002,4.477369999999999
-2.328199999999999,4.488999999999999
-2.3081999999999994,4.52497
-2.2882,4.579180000000001
-2.2682,4.65431
-2.2482000000000006,4.753570000000002
-2.228200000000001,4.8765800000000015
-2.2082000000000015,5.023109999999999
-2.188200000000002,5.19869
-2.168199999999999,5.39138
-2.148199999999999,5.594130000000001
-2.1281999999999996,5.791889999999999
-2.1082,5.97725
-2.0882000000000005,6.106817000000001
-2.068200000000001,6.194485
-2.0482000000000014,6.226554999999999
-2.028200000000002,6.197123
-2.0081999999999987,6.121389000000001
-1.988199999999999,6.018756000000001
-1.9681999999999995,5.894384
-1.9482,5.762871000000001
-1.9282000000000004,5.623259999999999
-1.9082000000000008,5.468660000000002
-1.8882000000000012,5.2922199999999995
-1.8682000000000016,5.090529999999999
-1.848200000000002,4.872990000000001
-1.828199999999999,4.6476299999999995
-1.8081999999999994,4.44182
-1.7881999999999998,4.2743
-1.7682000000000002,4.16645
-1.7482000000000006,4.11709
-1.728200000000001,4.11832
-1.7082000000000015,4.158769000000001
-1.688200000000002,4.214587
-1.6681999999999988,4.266678
-1.6481999999999992,4.300035
-1.6281999999999996,4.305391999999999
-1.6082,4.291919000000001
-1.5882000000000005,4.269646000000001
-1.568200000000001,4.2511350000000006
-1.5482000000000014,4.257479
-1.5282000000000018,4.298114999999999
-1.5081999999999987,4.375927
-1.488199999999999,4.479753
-1.4681999999999995,4.597152
-1.4482,4.690545
-1.4282000000000004,4.738456
-1.4082000000000008,4.74752
-1.3882000000000012,4.694003
-1.3682000000000016,4.603477999999999
-1.348200000000002,4.493306999999999
-1.328199999999999,4.3728430000000005
-1.3081999999999994,4.270835000000002
-1.2881999999999998,4.181672
-1.2682000000000002,4.107609
-1.2482000000000006,4.048169000000001
-1.228200000000001,3.9975759999999987
-1.2082000000000015,3.952342
-1.188200000000002,3.911059
-1.1681999999999988,3.8724839999999996
-1.1481999999999992,3.8380580000000006
-1.1281999999999996,3.810958
-1.1082,3.8019099999999995
-1.0882000000000005,3.7961590000000003
-1.068200000000001,3.800467
-1.0482000000000014,3.8038609999999995
-1.0282000000000018,3.8052899999999994
-1.0081999999999987,3.8021759999999984
-0.9881999999999991,3.789088
-0.9681999999999995,3.7721869999999997
-0.9481999999999999,3.7532120000000004
-0.9282000000000004,3.734102
-0.9082000000000008,3.715376000000001
-0.8882000000000012,3.6952160000000003
-0.8682000000000016,3.675700999999999
-0.8482000000000021,3.6603429999999997
-0.8281999999999989,3.647444
-0.8081999999999994,3.634394
-0.7881999999999998,3.6233460000000006
-0.7682000000000002,3.6149100000000005
-0.7482000000000006,3.607286999999999
-0.7282000000000011,3.5959260000000004
-0.7082000000000015,3.580521000000001
-0.6882000000000019,3.565901999999999
-0.6681999999999988,3.5549490000000006
-0.6481999999999992,3.5527799999999994
-0.6281999999999996,3.568860000000001
-0.6082000000000001,3.599982999999999
-0.5882000000000005,3.657436
-0.5682000000000009,3.7387919999999997
-0.5482000000000014,3.844194999999999
-0.5282000000000018,3.9608250000000003
-0.5081999999999987,4.085781
-0.4881999999999991,4.205257
-0.4681999999999995,4.311332999999999
-0.44819999999999993,4.397650999999999
-0.42820000000000036,4.461291000000002
-0.4082000000000008,4.497272
-0.3882000000000012,4.510648
-0.36820000000000164,4.494743000000001
-0.34820000000000206,4.454355999999999
-0.32819999999999894,4.392546
-0.30819999999999936,4.317355
-0.2881999999999998,4.237734
-0.2682000000000002,4.170388999999999
-0.24820000000000064,4.120635000000001
-0.22820000000000107,4.100963999999999
-0.2082000000000015,4.108034000000001
-0.18820000000000192,4.147754999999999
-0.1681999999999988,4.207146000000001
-0.14819999999999922,4.282031000000001
-0.12819999999999965,4.358135999999999
-0.10820000000000007,4.4170300000000005
-0.0882000000000005,4.444557
-0.06820000000000093,4.426093000000001
-0.04820000000000135,4.352223999999999
-0.02820000000000178,4.225425
-0.008199999999998653,4.054027000000001
0.01180000000000092,3.8476929999999996
0.031800000000000495,3.624586
0.05180000000000007,3.397259
0.07179999999999964,3.176422
0.09179999999999922,2.9598870000000006
0.11179999999999879,2.754283
0.13179999999999836,2.5562940000000003
0.15179999999999794,2.3667469999999997
0.17180000000000106,2.1896199999999997
0.19180000000000064,2.0264559999999996
0.2118000000000002,1.8850660000000004
0.23179999999999978,1.7631099999999997
0.25179999999999936,1.6643360000000003
0.27179999999999893,1.5834039999999996
0.2917999999999985,1.5205829999999998
0.3117999999999981,1.467122
0.3318000000000012,1.421683
0.3518000000000008,1.3783670000000001
0.37180000000000035,1.3395420000000002
0.3917999999999999,1.302619
0.4117999999999995,1.269489
0.4317999999999991,1.241375
0.45179999999999865,1.218402
0.4717999999999982,1.1993130000000003
0.49180000000000135,1.185042
0.5118000000000009,1.1729559999999999
0.5318000000000005,1.1635820000000001
0.5518000000000001,1.158962
0.5717999999999996,1.1600130000000002
0.5917999999999992,1.169212
0.6117999999999988,1.1880779999999997
0.6317999999999984,1.2126680000000003
0.6517999999999979,1.241216
0.6718000000000011,1.2639959999999995
0.6918000000000006,1.2780769999999995
0.7118000000000002,1.2743319999999998
0.7317999999999998,1.2548699999999995
0.7517999999999994,1.2247849999999998
0.7717999999999989,1.1874159999999996
0.7917999999999985,1.150625
0.8117999999999981,1.121702
0.8318000000000012,1.1020830000000004
0.8518000000000008,1.0924479999999999
0.8718000000000004,1.089761
0.8917999999999999,1.088066
0.9117999999999995,1.086377
0.9317999999999991,1.0830960000000003
0.9517999999999986,1.0822539999999998
0.9717999999999982,1.0850099999999998
0.9918000000000013,1.0969940000000002
1.011800000000001,1.118282
1.0318000000000005,1.1470400000000003
1.0518,1.1816769999999999
1.0717999999999996,1.2188860000000001
1.0917999999999992,1.2534830000000001
1.1117999999999988,1.284744
1.1317999999999984,1.31021
1.151799999999998,1.328986
1.171800000000001,1.3411970000000002
1.1918000000000006,1.346826
1.2118000000000002,1.34586
1.2317999999999998,1.3342839999999996
1.2517999999999994,1.312068
1.271799999999999,1.2787149999999998
1.2917999999999985,1.240836
1.311799999999998,1.19965
1.3318000000000012,1.163294
1.3518000000000008,1.1359480000000002
1.3718000000000004,1.1215570000000004
1.3918,1.117273
1.4117999999999995,1.1219240000000001
1.431799999999999,1.131419
1.4517999999999986,1.1360970000000001
1.4717999999999982,1.1374000000000002
1.4918000000000013,1.1286909999999999
1.511800000000001,1.1101649999999998
1.5318000000000005,1.085751
1.5518,1.060615
1.5717999999999996,1.039168
1.5917999999999992,1.0264110000000002
1.6117999999999988,1.0247399999999998
1.6317999999999984,1.0345620000000002
1.651799999999998,1.054244
1.671800000000001,1.0755509999999997
1.6918000000000006,1.0926630000000002
1.7118000000000002,1.1015349999999997
1.7317999999999998,1.0998649999999999
1.7517999999999994,1.090723
1.771799999999999,1.0837
1.7917999999999985,1.0855730000000001
1.811799999999998,1.1017910000000002
1.8318000000000012,1.1324
1.8518000000000008,1.172048
1.8718000000000004,1.210994
1.8918,1.241697
1.9117999999999995,1.2613120000000007
1.931799999999999,1.2730819999999996
1.9517999999999986,1.2816819999999998
1.9717999999999982,1.292662
1.9918000000000013,1.3082699999999998
2.011800000000001,1.3279780000000003
2.0318000000000005,1.3430669999999993
2.0518,1.3466199999999997
2.0717999999999996,1.328224
2.091799999999999,1.291184
2.111799999999999,1.2383340000000005
2.1317999999999984,1.176595
2.151799999999998,1.1148979999999997
2.171800000000001,1.0613990000000002
2.1918000000000006,1.017525
2.2118,0.9831219999999999
2.2318,0.95692
2.2517999999999994,0.935184
2.271799999999999,0.918534
2.2917999999999985,0.909994
2.311799999999998,0.9079939999999999
2.331800000000001,0.912619
2.351800000000001,0.9230929999999999
2.3718000000000004,0.9320349999999998
2.3918,0.938841
2.4117999999999995,0.9407219999999998
2.431799999999999,0.9417440000000001
2.4517999999999986,0.9462369999999999
2.471799999999998,0.9539519999999999
2.4918000000000013,0.9667320000000001
2.511800000000001,0.9773410000000001
2.5318000000000005,0.9784439999999998
2.5518,0.9638899999999999
2.5717999999999996,0.9310480000000001
2.591799999999999,0.882249
2.611799999999999,0.8234599999999999
2.6317999999999984,0.764899
2.651799999999998,0.7133910000000001
2.671800000000001,0.6729480000000003
2.6918000000000006,0.6444310000000001
2.7118,0.6259420000000002
2.7318,0.6139929999999999
2.7517999999999994,0.6049149999999999
2.771799999999999,0.595279
2.7917999999999985,0.5842200000000001
2.811799999999998,0.570245
2.831800000000001,0.553738
2.851800000000001,0.5360050000000001
2.8718000000000004,0.5186609999999998
2.8918,0.5039419999999999
2.9117999999999995,0.49422399999999994
2.931799999999999,0.48999400000000004
2.9517999999999986,0.4900050000000001
2.971799999999998,0.4912399999999999
2.9918000000000013,0.4904540000000001
3.011800000000001,0.48562799999999995
3.0318000000000005,0.4762509999999999
3.0518,0.4640640000000001
3.0717999999999996,0.45133900000000016
3.091799999999999,0.4400609999999999
3.111799999999999,0.43145000000000006
3.1317999999999984,0.425517
3.151799999999998,0.4221039999999999
3.171800000000001,0.42088200000000003
3.1918000000000006,0.421999
3.2118,0.42531299999999994
3.2318,0.4315040000000001
3.2517999999999994,0.44134300000000004
3.271799999999999,0.4545640000000001
3.2917999999999985,0.470561
3.311799999999998,0.48677999999999993
3.331800000000001,0.5006089999999999
3.351800000000001,0.508207
3.3718000000000004,0.5066940000000001
3.3918,0.49619900000000006
3.4117999999999995,0.4775840000000001
3.431799999999999,0.4548750000000001
3.4517999999999986,0.4311170000000002
3.471799999999998,0.41084800000000005
3.4918000000000013,0.39744700000000005
3.511800000000001,0.3923150000000001
3.5318000000000005,0.39607499999999995
3.5518,0.407317
3.5717999999999996,0.4228409999999999
3.591799999999999,0.43932699999999986
3.611799999999999,0.454039
3.6317999999999984,0.4652380000000001
3.651799999999998,0.471987
3.671800000000001,0.47511200000000003
3.6918000000000006,0.47505499999999995
3.7118,0.4714770000000001
3.7318,0.4637449999999999
3.7517999999999994,0.45144400000000007
3.771799999999999,0.43397200000000014
3.7917999999999985,0.41355
3.811799999999998,0.392821
3.831800000000001,0.3734049999999999
3.851800000000001,0.357457
3.8718000000000004,0.344871
3.8918,0.335828
3.9117999999999995,0.33074099999999995
3.931799999999999,0.331421
3.9517999999999986,0.3398690000000001
3.971799999999998,0.3576329999999999
3.9918000000000013,0.38520699999999997
4.011800000000001,0.42043900000000006
4.0318000000000005,0.45858499999999985
4.0518,0.493246
4.0718,0.5173880000000001
4.091799999999999,0.5273580000000001
4.111799999999999,0.521084
4.131799999999998,0.5020969999999999
4.151799999999998,0.47561499999999995
4.171800000000001,0.448866
4.191800000000001,0.428103
4.2118,0.416842
4.2318,0.4165159999999999
4.251799999999999,0.423612
4.271799999999999,0.434894
4.2917999999999985,0.445017
4.311799999999998,0.44933000000000006
4.331800000000001,0.4454419999999999
4.351800000000001,0.4312930000000001
4.3718,0.407493
4.3918,0.374922
4.4117999999999995,0.336357
4.431799999999999,0.29457900000000004
4.451799999999999,0.2536050000000001
4.471799999999998,0.218399
4.491800000000001,0.193118
4.511800000000001,0.18079870000000003
4.5318000000000005,0.182324
4.5518,0.1956939
4.5718,0.2170968
4.591799999999999,0.24123580000000006
4.611799999999999,0.2622061
4.631799999999998,0.2755251
4.651799999999998,0.2788133
4.671800000000001,0.27155699999999994
4.691800000000001,0.25675299999999995
4.7118,0.2384261
4.7318,0.2218401000000001
4.751799999999999,0.21136449999999998
4.771799999999999,0.20988780000000004
4.7917999999999985,0.21894030000000006
4.811799999999998,0.23728840000000004
4.831800000000001,0.26274300000000006
4.851800000000001,0.2918880000000001
4.8718,0.320438
4.8918,0.34581499999999993
4.9117999999999995,0.3645639999999999
4.931799999999999,0.376241
4.951799999999999,0.380215
4.971799999999998,0.37782399999999977
4.991800000000001,0.369972
5.011800000000001,0.358185
5.0318000000000005,0.34278000000000003
5.0518,0.3244159999999999
5.0718,0.30355099999999996
5.091799999999999,0.28144899999999995
5.111799999999999,0.258938
5.131799999999998,0.23712899999999998
5.151799999999998,0.21727899999999997
5.171800000000001,0.20101899999999995
5.191800000000001,0.1893789
5.2118,0.18313660000000004
5.2318,0.18223409999999995
5.251799999999999,0.18649330000000003
5.271799999999999,0.19435979999999997
5.2917999999999985,0.20484910000000006
5.311799999999998,0.21747790000000003
5.331800000000001,0.2334677
5.351800000000001,0.25490410000000013
5.3718,0.2835904
5.3918,0.320828
5.4117999999999995,0.364729
5.431799999999999,0.4123530000000001
5.451799999999999,0.4563409999999999
5.471799999999998,0.49002399999999996
5.491800000000001,0.50841
5.511800000000001,0.509504
5.5318000000000005,0.493359
5.5518,0.46885
5.5718,0.443649
5.591799999999999,0.42400799999999994
5.611799999999999,0.41410099999999994
5.631799999999998,0.412964
5.651799999999998,0.41766
5.671800000000001,0.42304900000000006
5.691800000000001,0.425706
5.7118,0.42335700000000004
5.7318,0.4169929999999999
5.751799999999999,0.4079361
5.771799999999999,0.3982221
5.7917999999999985,0.3894366
5.811799999999998,0.3835643
5.831800000000001,0.3811398
5.851800000000001,0.3840125
5.8718,0.39381080000000007
5.8918,0.4117505
5.9117999999999995,0.4372776000000001
5.931799999999999,0.46808619999999995
5.951799999999999,0.49935500000000005
5.971799999999998,0.524594
5.991800000000001,0.539809
6.011800000000001,0.540618
6.0318000000000005,0.5291280000000003
6.0518,0.507326
6.0718,0.48396
6.091799999999999,0.46262400000000004
6.111799999999999,0.44959499999999997
6.131799999999998,0.447287
6.151799999999998,0.45573800000000003
6.171800000000001,0.474504
6.191800000000001,0.5008295
6.2118,0.5307110000000002
6.2318,0.5631360000000001
6.251799999999999,0.594905
6.271799999999999,0.6253819999999999
6.2917999999999985,0.6555560000000001
6.311799999999998,0.683205
6.331800000000001,0.707114
6.351800000000001,0.7288600000000001
6.3718,0.7435499999999999
6.3918,0.7519820000000002
6.4117999999999995,0.752124
6.431799999999999,0.74486
6.451799999999999,0.7312839999999997
6.471799999999998,0.7157889999999999
6.491800000000001,0.6988530000000001
6.511800000000001,0.6827850000000002
6.5318000000000005,0.6642131
6.5518,0.6472362
6.5718,0.6265103
6.591799999999999,0.6049940999999999
6.611799999999999,0.5831983000000001
6.631799999999998,0.5647852999999998
6.651799999999998,0.5487174000000001
6.671800000000001,0.5357715
6.691800000000001,0.5215477
6.7118,0.5055508
6.7318,0.48752499999999993
6.751799999999999,0.4684752999999999
6.771799999999999,0.4512938000000001
6.7917999999999985,0.43796670000000004
6.811799999999998,0.4292086
6.831800000000001,0.4245754
6.851800000000001,0.42028999999999994
6.8718,0.4136728000000001
6.8918,0.4032160000000001
6.9117999999999995,0.38869809999999994
6.931799999999999,0.3740522000000001
6.951799999999999,0.36213159999999994
6.971799999999998,0.3597312
6.991800000000001,0.37205210000000005
7.011800000000001,0.4029118000000001
7.0318000000000005,0.4511406
7.0518,0.5124629000000002
7.0718,0.5777675999999999
7.091799999999999,0.6360562
7.111799999999999,0.6806171999999998
7.131799999999998,0.7047369000000001
7.151799999999998,0.7135134000000001
7.171800000000001,0.7083315
7.191800000000001,0.6976713999999997
7.2118,0.6856626000000001
7.2318,0.6744059
7.251799999999999,0.6616289000000001
7.271799999999999,0.6476506000000001
7.2917999999999985,0.6285731000000001
7.311799999999998,0.6093470999999998
7.331800000000001,0.5900482999999999
7.351800000000001,0.5709306000000002
7.3718,0.5521165
7.3918,0.5331668000000002
7.4117999999999995,0.512724
7.431799999999999,0.48923959999999994
7.451799999999999,0.4648283
7.471799999999998,0.4417746
7.491800000000001,0.4202415
7.511800000000001,0.4018347
7.5318000000000005,0.38452109999999995
7.5518,0.3655754999999999
7.5718,0.343814
7.591799999999999,0.31506239999999996
7.611799999999999,0.27930990000000006
7.631799999999998,0.2387221
7.651799999999998,0.19745800000000005
7.671800000000001,0.16001930000000003
7.691800000000001,0.12956499999999999
7.7118,0.10736263000000001
7.7318,0.09177298999999998
7.751799999999999,0.08034324999999999
7.771799999999999,0.07048382999999998
7.7917999999999985,0.05989690999999999
7.811799999999998,0.04859665
7.831800000000001,0.036968860000000006
7.851800000000001,0.026314814999999995
7.8718,0.017304324000000003
7.8918,0.010543315
7.9117999999999995,0.005940625999999998
7.931799999999999,0.0030931648
7.951799999999999,0.0014867450999999996
7.971799999999998,0.0006602326000000001
7.991800000000001,0.00027098024999999996
8.011800000000001,0.00010230725000000001
8.0318,0.00003574895800000001
8.0518,0.000011519606000000004
8.0718,0.0000034252746
